"LTER_site","local_site","date","slope_asp","easting","northing","tag_type","code_r_ear","code_l_ear","num_r_ear","num_l_ear","weight","stage","sex","repro_status","ear-mites_samp","ear-mite_obs","fleas_samp","fleas_obs","tissue_samp","hair_samp","urine_samp","feces_samp_dry","feces_samp_wet","feces_samp_cae","blood_samp_r-o","blood_samp_ear","smear","nobuto","saliva_samp","rectal_temp","neck_circ","foot_length"
"NWT","ML",2008-07-14,"S",449470,4437834,"A","BW","RW","271","220","178","A","F","L","0","N","1",NA,"1","1","0","1",NA,"0","1",NA,"NS","NS","NS","NS","NS","NS"
"NWT","ML",2008-07-14,"S",449409,4437878,"A","GR","YG","253","205","162","A","M","T","0","N","1",NA,"1","1","0","1",NA,"0","1",NA,"NS","NS","NS","NS","NS","NS"
"NWT","LL",2008-07-15,"N",449898,4435523,"A","RW","WG","45","84","76","J","M","U","0","N","1",NA,"1","1","1","1",NA,"0","1",NA,"NS","NS","NS","NS","NS","NS"
"NWT","LL",2008-07-15,"N",449913,4435574,"A","BG","YR","26","13","73","J","M","U","0","N","0",NA,"1","1","1","1",NA,"0","1",NA,"NS","NS","NS","NS","NS","NS"
"NWT","LL",2008-07-16,"N",449900,4435477,"A","YB","WR","255","265","79","J","F","U","0","N","0",NA,"1","1","1","1",NA,"0","1",NA,"NS","NS","NS","NS","NS","NS"
"NWT","LL",2008-07-16,"N",450062,4435668,"A","WY","RR","272","273","229","A","F","P","0","N","1",NA,"1","1","1","1",NA,"0","1",NA,"NS","NS","NS","NS","NS","NS"
"NWT","LL",2008-07-16,"N",449501,4435373,"A","GR","GG","27","252","180","A","F","L","0","N","0",NA,"1","1","1","1",NA,"0","1",NA,"NS","NS","NS","NS","NS","NS"
"NWT","LL",2008-07-16,"N",449930,4435559,"A","RB","WG","58","250","192","A","M","T","0","N","1",NA,"1","1","0","0",NA,"0","1",NA,"NS","NS","NS","NS","NS","NS"
"NWT","ML",2008-07-22,"S",449397,4437908,"A","WB","YB","22","79","68","J","M","U","1","L","1",NA,"1","1","1","1",NA,"0","1",NA,"NS","NS","NS","NS","NS","NS"
"NWT","ML",2008-07-22,"S",449397,4437908,"none","none","none","none","none","70","J","F","U","1","L","1",NA,"1","1","1","1",NA,"0","1",NA,"NS","NS","NS","NS","NS","NS"
"NWT","ML",2008-07-22,"S",449524,4437817,"A","RB","BG","221","217","68","J","F","U","0","N","1",NA,"1","1","0","1",NA,"0","1",NA,"NS","NS","NS","NS","NS","NS"
"NWT","ML",2008-07-22,"S",449461,4437861,"A","GG","RW","25","86","76","J","F","U","0","N","1",NA,"1","1","0","1",NA,"0","1",NA,"NS","NS","NS","NS","NS","NS"
"NWT","ML",2008-07-22,"S",449303,4437832,"A","YB","WB","227","256","169","A","F","L","0","N","1",NA,"1","1","1","1",NA,"0","1",NA,"NS","NS","NS","NS","NS","NS"
"NWT","WK",2008-07-25,"S",449590,4433334,"A","WR","YY","298","278","154","A","F","L","0","N","1",NA,"1","1","0","1",NA,"0","1",NA,"NS","NS","NS","NS","NS","NS"
"NWT","WK",2008-07-25,"S",449288,4434087,"A","YY","BB","78","225","117","A","F","L","0","N","1",NA,"1","1","1","1",NA,"1","1",NA,"NS","NS","NS","NS","NS","NS"
"NWT","WK",2008-07-25,"S",449287,4434160,"A","GW","BY","267","246","175","A","F","P/L","0","N","1",NA,"1","1","0","1",NA,"1","1",NA,"NS","NS","NS","NS","NS","NS"
"NWT","WK",2008-07-25,"S",449285,4434179,"A","WW","GG","261","72","107","J","M","U","0","N","1",NA,"1","1","0","1",NA,"1","1",NA,"NS","NS","NS","NS","NS","NS"
"NWT","WK",2008-07-25,"S",449241,4434160,"A","YW","YW","284","254","139","A","M","U","0","N","1",NA,"1","1","1","1",NA,"0","1",NA,"NS","NS","NS","NS","NS","NS"
"NWT","WK",2008-07-28,"S",449319,4434098,"A","WR","WG","296","77","147","A","M","U","0","N","1",NA,"1","1","0","1",NA,"0","1",NA,"NS","NS","1","NS","NS","NS"
"NWT","WK",2008-07-28,"S",449284,4434090,"A","YB","GG","299","259","65","J","M","U","0","N","0",NA,"1","1","0","1",NA,"0","0",NA,"NS","NS","1","NS","NS","NS"
"NWT","WK",2008-07-28,"S",449249,4434162,"A","GB","RG","59","202","109","A","F","U","0","N","0",NA,"1","1","0","1",NA,"0","1",NA,"NS","NS","1","NS","NS","NS"
"NWT","WK",2008-07-28,"S",449290,4434164,"A","WR","RG","57","11","115","A","F","U","0","N","0",NA,"1","1","1","1",NA,"0","1",NA,"NS","NS","1","NS","NS","NS"
"NWT","WK",2008-07-28,"S",449243,4434206,"A","BR","YB","237","248","133","A","M","U","0","N","0",NA,"1","1","0","1",NA,"1","1",NA,"NS","NS","1","NS","NS","NS"
"NWT","WK",2008-07-30,"N",449172,4434544,"A","RB","GB","165","188","110","A","M","U","0","N","0",NA,"1","1","0","1",NA,"0","1",NA,"NS","NS","1","NS","NS","NS"
"NWT","WK",2008-07-30,"N",449123,4434407,"A","RB","YR","160","177","142","A","M","U","0","N","0",NA,"1","1","1","0",NA,"1","1",NA,"NS","NS","1","NS","NS","NS"
"NWT","WK",2008-07-30,"N",449137,4434403,"A","WW","RW","146","130","100","J","M","U","0","N","1",NA,"1","1","0","1",NA,"1","1",NA,"NS","NS","1","NS","NS","NS"
"NWT","WK",2008-07-30,"N",449099,4434480,"none","none","none","none","none","NS","NS","NS","NS","0","N","0",NA,"0","0","1","0",NA,"0","0",NA,"NS","NS","0","NS","NS","NS"
"NWT","WK",2008-07-30,"N",449156,4434539,"A","RR","GB","154","163","131","A","F","P?","0","N","0",NA,"1","1","0","1",NA,"1","1",NA,"NS","NS","1","NS","NS","NS"
"NWT","WK",2008-07-30,"N",449105,4434420,"A","YR","BG","172","143","38","J","F?","U","0","N","0",NA,"1","1","0","1",NA,"0","1",NA,"NS","NS","1","NS","NS","NS"
"NWT","WK",2008-07-30,"N",449084,4434439,"A","BR","GW","157","159","154","A","F","L","0","N","0",NA,"1","1","1","1",NA,"0","1",NA,"NS","NS","1","NS","NS","NS"
"NWT","WK",2008-08-01,"N",449137,4434355,"A","GY","RG","195","106","132","A","F","U","0","N","0",NA,"1","1","0","1",NA,"0","1",NA,"NS","NS","1","NS","NS","NS"
"NWT","WK",2008-08-01,"N",449121,4434410,"A","YR","YR","156","198","46","J","M","U","0","N","0",NA,"1","1","0","1",NA,"0","1",NA,"NS","NS","1","NS","NS","NS"
"NWT","WK",2008-08-01,"N",449122,4434430,"A","RB","WB","118","191","120","A","M","U","0","N","0",NA,"1","1","1","1",NA,"0","1",NA,"NS","NS","1","NS","NS","NS"
"NWT","WK",2008-08-01,"N",449123,4434433,"A","WR","WB","194","150","107","J?","F?","U","0","N","0",NA,"1","1","0","1",NA,"0","1",NA,"NS","NS","0","NS","NS","NS"
"NWT","WK",2008-08-01,"N",449108,4434425,"A","RW","WR","120","149","134","A","F","P/L","0","N","0",NA,"1","1","0","1",NA,"0","1",NA,"NS","NS","0","NS","NS","NS"
"NWT","WK",2008-08-01,"N",449079,4434427,"A","YB","BW","176","131","160","A","M","U","0","N","0",NA,"1","1","1","1",NA,"0","1",NA,"NS","NS","1","NS","NS","NS"
"NWT","ML",2008-08-05,"S",449525,4437815,"C3","A","A","C3","C3","102","J","F","U","1","L","0",NA,"1","1","1","1",NA,"0","1",NA,"NS","NS","1","NS","NS","NS"
"NWT","ML",2008-08-05,"S",449469,4437832,"A","WB","RW","33","206","117","J?","M","U","1","L","1",NA,"1","1","1","1",NA,"0","1",NA,"NS","NS","1","38","NS","NS"
"NWT","ML",2008-08-05,"S",448966,4437841,"A","BY","YY","8","292","206","A","F","P?","1","L","0",NA,"1","1","0","1",NA,"0","1",NA,"NS","NS","1","35.8","NS","NS"
"NWT","LL",2008-08-07,"N",449992,4435650,"A","YY","YY","100","268","164","A","M","U","1","L","0",NA,"1","1","0","1",NA,"0","1",NA,"NS","NS","1","36.6","NS","NS"
"NWT","LL",2008-08-07,"N",450167,4435715,"A","RR","RR","21","82","186","A","F","L","1","L","1",NA,"1","1","1","1",NA,"0","0","1","NS","NS","1","35.8","NS","NS"
"NWT","WK",2010-07-19,"S",449348,4434123,"A","GB","GY","397","392","163","A","F","P?/L","0","N","0","0","1","1","0","1","1","0","1","0","NS","NS","1",NA,"NS","NS"
"NWT","WK",2010-07-19,"S",449255,4434150,"A","BB","RB","356","303","162","A","F","L","0","N","0","0","1","1","0","1","1","0","1","1","NS","NS","1",NA,"NS","NS"
"NWT","WK",2010-07-19,"S",449256,4434189,"none","none","none","none","none","NS","J","NS","NS","NS","NS","NS","NS","NS","NS","0","1","0","0","NS","NS","NS","NS","NS","NS","NS","NS"
"NWT","WK",2010-07-19,"S",449227,4434202,"A","BR","BR","319","372","88","J","F","U","0","N","0","0","1","1","1","1","0","0","1","0","NS","NS","1",NA,"NS","NS"
"NWT","WK",2010-07-20,"S",449287,4434173,"A","RB","GY","371","333","154","A","F","L","0","N","0","0","1","1","1","0","1","0","1","0","NS","NS","1","38.8","NS","NS"
"NWT","WK",2010-07-20,"S",449255,4434186,"A","BB","RB","356","303","155","NS","NS","NS","0","N","0","0","0","0","1","1","1","0","0","0","NS","NS","0","39.5","NS","NS"
"NWT","WK",2010-07-20,"S",449228,4434203,"A","GB","GB","382","304","164","A","M","T?","0","N","1","1","1","1","1","1","1","0","1","1","NS","NS","1","39.8","NS","NS"
"NWT","WK",2010-07-20,"S",449200,4434200,"none","none","none","none","none","NS","J","NS","NS","NS","NS","NS","NS","NS","NS","0","0","0","0","NS","NS","NS","NS","NS","NS","NS","NS"
"NWT","WK",2010-07-20,"S",449394,4434128,"none","none","none","none","none","NS","A","NS","NS","NS","NS","NS","NS","NS","NS","0","0","1","1","NS","NS","NS","NS","NS","NS","NS","NS"
"NWT","WK",2010-07-20,"S",449254,4434149,"none","none","none","none","none","NS","NS","NS","NS","NS","NS","NS","NS","NS","NS","0","1","0","0","NS","NS","NS","NS","NS","NS","NS","NS"
"NWT","WK",2010-07-22,"N",449102,4434436,"A","GR","BW","366","332","166","A","M","U","0","N","1","1","1","1","1","1","0","0","1","0","NS","NS","1","37.5","NS","NS"
"NWT","WK",2010-07-22,"N",449121,4434411,"A","YY","BG","335","375","132","A","F","L","0","N","0","0","1","1","0","1","1","0","0","0","NS","NS","1","35.4","NS","NS"
"NWT","WK",2010-07-22,"N",449128,4434540,"A","RB","BB","395","336","174","A","M","U","0","N","0","0","1","1","1","0","1","0","0","1","NS","NS","1","37.7","NS","NS"
"NWT","WK",2010-07-22,"N",449062,4434437,"A","YY","GB","242","331","172","A","F","L","0","N","0","0","1","1","0","1","1","0","1","0","NS","NS","1","37.9","NS","NS"
"NWT","WK",2010-07-23,"N",449062,4434437,"A","BG","BW","310","300","162","A","M","T?","0","N","0","0","1","1","0","0","1","0","1","0","NS","NS","1","38","NS","NS"
"NWT","WK",2010-07-23,"N",449128,4434540,"A","RB","BB","395","336","177","A","M","U","0","N","0","0","0","0","0","0","0","0","1","0","NS","NS","0","39.3","NS","NS"
"NWT","WK",2010-07-27,"S",449211,4434220,"A","BG","GR","318","54","87","J","F","U","1","L","0","0","1","1","0","0","0","0","1","0","NS","NS","1","37.3","NS","NS"
"NWT","WK",2010-07-27,"S",449226,4434199,"A","GB","GB","382","304",NA,"A","M","U","0","N","0","0",NA,NA,"1","0","0","0","0",NA,"NS","NS",NA,NA,"NS","NS"
"NWT","WK",2010-07-27,"S",449237,4434213,"A","BR","GY","337","222","70","J","M","U","0","N","0","0","1","1","0","1","0","0","1","0","NS","NS","1","36.2","NS","NS"
"NWT","WK",2010-07-27,"S",449302,4434208,"A","BR","RY","368","311","180","A","M","T?","1","L","0","0","1","1","0","1","1","1","1","0","NS","NS","1","38.4","NS","NS"
"NWT","WK",2010-07-27,"S",449305,4434185,"A","GR","BG","314","378","102","J","M","U","0","N","0","0","1","1","0","1","1","0","1","0","NS","NS","1","37.7","NS","NS"
"NWT","WK",2010-07-27,"S",NA,NA,"A","WR","N","NS","none","NS","A","NS","NS","NS","NS","NS","NS","NS","NS","0","0","0","0","NS","NS","NS","NS","NS","NS","NS","NS"
"NWT","WK",2010-07-28,"S",449245,4434188,"none","none","none","none","none","89","J","NS","NS","0","N","NS","NS","1",NA,"0","1","0","0","NS","NS","NS","NS","NS","NS","NS","NS"
"NWT","LL",2010-09-24,"N",450044,4435663,"A","RY","YR","369","377","152","A","M","U","1","M","0","0","1","1","1","1","1","1","1","0","NS","NS","1","38","NS","NS"
"NWT","LL",2010-09-24,"N",449987,4435656,"A","GG","YY","385","320","165","A","M","U","1","M","0","0","1","1","1","1","1","1","1","1","NS","NS","1","37.8","NS","NS"
"NWT","LL",2010-09-24,"N",449889,4435515,"A","BB","RG","346","233","147","A","F","U","0","N","0","0","1","1","1","1","1","1","1","0","NS","NS","1","39.2","NS","NS"
"NWT","LL",2010-09-24,"N",450084,4435669,"A","YG","GB","321","400","137","J?","F","U","0","N","1","1","1","1","1","1","1","1","1","0","NS","NS","1","37.8","NS","NS"
"NWT","LL",2010-09-25,"N",450031,4435635,"A","GB","YG","347","339","141","J?","F","U","1","L","0","0","1","1","1","1","1","1","1","0","NS","NS","1","37.7","NS","NS"
"NWT","LL",2010-09-25,"N",449883,4435493,"A",NA,NA,NA,NA,"173","A","M","U","0","N","0","0","1","1","1","1","1","0","1","0","NS","NS","0","38.5","NS","NS"
"NWT","ML",2010-09-28,"N",449378,4437900,"A","WB","WB","22","249","165","A","M","U","0","N",NA,NA,"1","1","1","0","1","1","1","0","NS","NS","1","38.1","NS","NS"
"NWT","ML",2010-09-28,"N",449544,4437888,"A","GB","YG","342","305","172","A","F","L","0","N","2","2","1","1","0","0","1","0","1","0","NS","NS","1","38.3","NS","NS"
"NWT","ML",2010-09-28,"N",449280,4437898,"A","GB","RR","312","371","131","J","F","U","1","L","0","0","1","1","0","1","0","0","1","0","NS","NS","1","38.3","NS","NS"
"NWT","ML",2010-09-28,"N",449544,4437344,"A","YY","GR","398","331","171","A","F","U","1","L","0","0","1","1","1","1","0","0","1","0","NS","NS","1","39.3","NS","NS"
"NWT","ML",2010-09-29,"N",449458,4437859,"A","GR","GB","383","324","165","A","F","U","0","L","0","0","1","1",NA,"1","1","1","1","0","NS","NS","1","38.7","NS","NS"
"NWT","ML",2010-09-29,"N",449284,4437854,"A","YB","GY","313","232","163","A","F","U","0","L","0","0","1","1","0","0","0","0","1","0","NS","NS","1","39.6","NS","NS"
"NWT","ML",2010-09-29,"N",449411,4437876,"A","RR","GY","393","355","197","A","M","U","0","L","1","1","1","1","1","1","1","0","0","0","NS","NS","0",NA,"NS","NS"
"NWT","WK",2011-07-06,"E",449299,4434240,"A","BB","BB","306","316","181","A","M","U","0","N","9",NA,"1","1",NA,"1","0","0","1","0","NS","NS","1","39.4","NS","NS"
"NWT","WK",2011-07-06,"E",449310,4434256,"A","GG","GG","166","365","141","A","F","L","0","N",NA,NA,"1","1",NA,"0","0","1","1","0","NS","NS","1","39.2","NS","NS"
"NWT","WK",2011-07-06,"E",449288,4434264,"A","WW","WW","394","309","47","J","M","U","0","N",NA,NA,"1","1",NA,"1","0","1","1","0","NS","NS","1","37.9","NS","NS"
"NWT","WK",2011-07-06,"E",NA,NA,"none","none","none","none","none","NS","NS","NS","NS","NS","NS","NS","NS","NS","NS",NA,NA,NA,NA,"NS","NS","NS","NS","NS","NS","NS","NS"
"NWT","WK",2011-07-07,"E",449304,4434286,"A","RG","GR","357","326","177","A","M","T","0","N","2","2","2","1",NA,"1","0","0","1","0","NS","NS","1","38.5","NS","NS"
"NWT","WK",2011-07-07,"E",NA,NA,"none","none","none","none","none","NS","NS","NS","NS","NS","NS","NS","NS","NS","NS","1","1","0","0","NS","NS","NS","NS","NS","NS","NS","NS"
"NWT","WK",2011-07-07,"E",NA,NA,"none","none","none","none","none","NS","NS","NS","NS","NS","NS","NS","NS","NS","NS","0","1","0","1","NS","NS","NS","NS","NS","NS","NS","NS"
"NWT","WK",2011-07-12,"E",449245,4434294,"A","GR","RG","367","112","163","A","F","P/L","0","N","3","3","1","1","1","1","0","1","1","1","NS","NS","1","37","NS","NS"
"NWT","WK",2011-07-13,"E",449304,4434286,"A","YG","YG","351","384","192","A","F","L","0","N","2","2","1","1","0","1","0","1","1","0","NS","NS","1","37.9","NS","NS"
"NWT","WK",2011-07-13,"E",449288,4434264,"A","BY","GG","358","315","180","A","F","L","0","N","1","2","1","1","0","1","1","1","1","0","NS","NS","1","37.3","NS","NS"
"NWT","WK",2011-07-13,"E",449231,4434286,"A","RB","WB","379","348","142","A","M",NA,"0","N","3","4","1","1","1","1","1","1","1","0","NS","NS",NA,"38.7","NS","NS"
"NWT","WK",2011-07-14,"S",449264,4434182,"A","GG","BY","386","363","170","A","F","L","0","N","2","2","1","1","1","0","1","0","0","1","NS","NS","1","38.3","NS","NS"
"NWT","WK",2011-07-19,"S",449288,4434163,"A","GG","BY","386","363","171","A","F","L","0","N","2","2","0","0","1",NA,NA,NA,"1","0","NS","NS","0","37.1","NS","NS"
"NWT","WK",2011-07-19,"S",449224,4434195,"A","YB","BG","391","344","166","A","F","L","0","N","0","1","1","1","0","1","0","1","1","0","NS","NS","1","37.2","NS","NS"
"NWT","WK",2011-07-19,"S",449314,4434230,"A","GB","GY","397","392","181","A","F","L","0","N","4","4","1","1","1",NA,NA,"1","1","0","NS","NS","1","NS","NS","NS"
"NWT","WK",2011-07-19,"S",449308,4434191,"A","BR","RY","368","NS","174","A","M","T","0","N","1",NA,"1","1","1",NA,NA,"1","1","0","NS","NS","1","36.8","NS","NS"
"NWT","WK",2011-07-21,"S",449254,4434155,"A","WB","GY","181","199","174","A","M","U","0","N","2","2","1","1","1","0","0","0","1","0","NS","NS","1","38.8","NS","NS"
"NWT","WK",2011-07-21,"S",449244,4434161,"A","YB","YG","147","357","152","A","F","L","0","N","2","3","1","1","0","1","1","1","1","0","NS","NS","1","38.3","NS","NS"
"NWT","WK",2011-07-26,"N",449087,4434388,"A","RY","YB","329","124","138","A","F","L","0","N","0","0","1","1","1","1","0","0","1","0","NS","NS","1","35.6","NS","NS"
"NWT","WK",2011-07-26,"N",449074,4434386,"A","RB","GB","323","322","71","J","F?","U","0","N","1",NA,"1",NA,"0","1","0","0","1","0","NS","NS","1","33.4","NS","NS"
"NWT","WK",2011-07-27,"N",449125,4434542,"A","RR","GG","301","328",NA,"A","M","T","0","N","0","0","1","1","0","1","0","0","1","0","NS","NS","1","37","NS","NS"
"NWT","WK",2011-07-27,"N",449087,4434434,"A","GW","RY","343","341","205","A","F","L","0","N","3",NA,"1","1","1","0","1","1","1","0","NS","NS","1","NS","NS","NS"
"NWT","WK",2011-07-27,"N",449093,4434449,"A","RB","GB","399","116","138","A","F","L","0","N","1",NA,"1","1","1","1","0","0","1","0","NS","NS","1","38.1","NS","NS"
"NWT","WK",2011-07-28,"N",449098,4434451,"A","RY","GR","236","161","152","A","F","L","0","N","0","0","1","1","0","0","0","1","1","0","NS","NS","1","36.1","NS","NS"
"NWT","WK",2011-07-28,"N",449098,4434478,"A","GG","GB","144","349","166","A","M","U","0","N","0","0","1","1","0","1","0","0","1","0","NS","NS","0","36.7","NS","NS"
"NWT","LL",2011-08-03,"N",450069,4435666,"A","RR","RB","122","327","152","A","F","L","0","N","4","4","1","1","1","1","1","0","1","0","NS","NS","1","36.2","NS","NS"
"NWT","LL",2011-08-03,"N",450036,4435673,"A","GG","RR","364","238","62","J","M","U","1","L","0","1","1","1","1","1","0","0","1","0","NS","NS","1",NA,"NS","NS"
"NWT","LL",2011-08-04,"N",450078,4435671,"A","GB","BG","127","178","160","A","F","L","1","L","1","1","1","1","0","1","1","1","1","0","NS","NS","1","36.9","NS","NS"
"NWT","LL",2011-08-04,"N",449904,4435481,"A","RR","GB","264","32","143","A","M","U","1","L","2","2","1","1","0","1","0","0","1","1","NS","NS","1","35.3","NS","NS"
"NWT","LL",2011-08-04,"N",449979,4435620,"A","BG","BG","28","174","191","A","F","P/L","1","L","1","1","1","1","1","0","0","0","1","0","NS","NS","1","38.2","NS","NS"
"NWT","LL",2011-08-04,"N",449931,4435517,"A","YG","GR","257","290","160","A","F","L","1","M","0","0","1","1","1","0","0","1","1","0","NS","NS","1","37","NS","NS"
"NWT","ML",2011-08-09,"S",449463,4437862,"A","GR","BB","34","396","103","J","F","U","0","N","1","1","1","1","1","0","1","0","1","0","NS","NS","1","38.7","NS","NS"
"NWT","ML",2011-08-09,"S",449407,4437882,"A","YB","BY","308","200","102","J","M","U","1","H","1","1","1","1","0","1","0","1","1","0","NS","NS","1","38.3","NS","NS"
"NWT","ML",2011-08-09,"S",449379,4437903,"A","YB","BR","197","277","148","A","F","L","1","H","2","2","1","1","1","1","0","1","0","1","NS","NS","1","36.4","NS","NS"
"NWT","ML",2011-08-09,"S",449286,4437856,"A","YB","GR","192","184","173","A","F","L","0","N","1","1","1","1","1","1","0","0","1","0","NS","NS","1","38.8","NS","NS"
"NWT","ML",2011-08-09,"S",449215,4437882,"A","YB","GB","162","208","124","J","M","U","1","L","4","4","1",NA,"0","0","0","1","1","0","NS","NS","1","36.3","NS","NS"
"NWT","ML",2011-08-10,"S",449539,4437839,"A","BB","GG","241","115","174","A","F","L","1","L","7","7","1","1","1","0","0","0","1","0","NS","NS","1","36.5","NS","NS"
"NWT","ML",2011-08-10,"S",449144,4437937,"A","GB","YG","NS","NS","152","A","F","L","0","L","3","3","1","1","0","1","0","0","1","0","NS","NS","1",NA,"NS","NS"
"NWT","ML",2011-09-15,"S",449407,4437877,"A","GY","GG","179","263","123","J","F","U","1","H","1","1","1","1","0","0","1","0","0","0","NS","NS","0",NA,"NS","NS"
"NWT","ML",2011-09-15,"S",449377,4437900,"A","YB","BW","207","NS","141","J?","M?","U","1","M","0","0","1","1","1","0","1","0","0","0","NS","NS","0",NA,"NS","NS"
"NWT","ML",2011-09-15,"S",448981,4437840,"A","RR","RG","216","171","170","A","M","U","1","M","0","0","1","1","0","1","0","0","0","0","NS","NS","0",NA,"NS","NS"
"NWT","ML",2011-09-15,"S",448927,4437875,"A","RG","YY","107","214","179","A","M","U","1","M","0","0","1","1","0","1","0","0","0","0","NS","NS","0",NA,"NS","NS"
"NWT","LL",2011-09-20,"N",450120,4435680,"A","BY","GY","170","93","115","J?","M","U","1","M","0","0","1","1","1","0","1","0","1","0","NS","NS","1","38.1","NS","NS"
"NWT","LL",2011-09-20,"N",449894,4435519,"A","RY","BR","169","114","165","A","M","U","1","M","0","1","1","1","1","1","0","0","1","0","NS","NS","1","37.7","NS","NS"
"NWT","LL",2011-09-20,"N",450137,4435688,"A","BR","BB","134","180","149","J?","M","U","1","L","2","2","1","1","0","0","0","1","1","0","NS","NS","1","38.4","NS","NS"
"NWT","LL",2011-09-20,"N",449880,4435496,"A","WW","RR","158","280","159","A","F","P?","1","M","0","0","1","1","1","0","0","0","1","0","NS","NS","1","38.7","NS","NS"
"NWT","WK",2012-06-11,"NW",449008,4434380,"A","WW","YB","69","109","162","A","F","L","0","N","2","3","1","1","1","0","0","1","1","0","NS","NS","1","NS","NS","NS"
"NWT","WK",2012-06-11,"N",449063,4434390,"A","RY","GR","103","140","189","A","F","L","0","N","3","4","1","1","1","0","0","0","1","1","NS","NS","1","35","NS","NS"
"NWT","WK",2012-06-13,"N",449090,4434389,"A","RY","YB","NS","NS","152","A","F","L","0","N","0","0","NS","1","0","1",NA,"0","1","0","NS","NS","1","38.3","NS","NS"
"NWT","WK",2012-06-13,"N",449056,4434424,"A","YY","GB","NS","NS","181","A","F","P","0","N","2","2","NS","1","1","1",NA,"0","1?","0","NS","NS","1","39.6","NS","NS"
"NWT","WK",2012-06-15,"NE",449317,4434352,"A","GY","RY","182","219","133","A","F","L","0","N","0","0","1","1","0","1",NA,"1","0","1","NS","NS","1",NA,"NS","NS"
"NWT","WK",2012-06-18,"SE",449322,4434323,"A","RR","BR","119","38","209","A","F","L","0","N","3","5","1","1","1","0","0","0",NA,NA,"NS","NS","1","39.4","NS","NS"
"NWT","WK",2012-06-18,"NE",NA,NA,"A","BG","GB","110","133","143","A","F","L","0","N","1",NA,"1","1","1","0","0","1","1","0","NS","NS","1",NA,"NS","NS"
"NWT","WK",2012-06-18,"NE",NA,NA,"A","BY","YR","102","223","184","A","M","T","0","N","12","12","1","1","0","0","0","1","1","0","NS","NS","1",NA,"NS","NS"
"NWT","WK",2012-06-18,"NE",NA,NA,"A","RB","GG","153","141","132","J","F","U","0","N","0","0","1","1","1","0","0","0",NA,NA,"NS","NS","1","37.2","NS","NS"
"NWT","WK",2012-06-18,"NE",NA,NA,"A","RG","YG","164","240","72","J","M","U","0","N","0","0","1","1","1","1",NA,"0","1",NA,"NS","NS","1","39.1","NS","NS"
"NWT","ML",2012-07-23,"S",449299,4437859,"A","YB","GR","NS","NS","184","A","F","L","0","NS","1","1","1","1","1","1",NA,"0","1","0","NS","NS","1",NA,"NS","NS"
"NWT","ML",2012-07-23,"S",449208,4437896,"A","GB","GG","113","168","159","J?","F","U","0","L","1","2","1","1","0","0","0","0","1","0","NS","NS","1","38.6","NS","NS"
"NWT","ML",2012-07-23,"S",449145,4437930,"A","YY","RB","167","36","149","A","F","L","1","M","5","5","1","1","0","1",NA,"0","1","1","NS","NS","1","37.9","NS","NS"
"NWT","ML",2012-07-23,"S",448976,4437858,"A","GY","YY","193","139","173","A","F","L","1","M","2","3","1","1","1","1",NA,"0","0","1","NS","NS","1","NS","NS","NS"
"NWT","ML",2012-07-23,"S",449219,4437881,"A","GB","RR","128","295","105","J","M","U","1","M","2","2","1","1","1","1",NA,"0","1","0","NS","NS","1","NS","NS","NS"
"NWT","ML",2012-07-25,"S",449372,4437905,"A","WG","YB","123","135","161","A","F","L","1","H","2","2","1","1","0","1",NA,"1","1","0","NS","NS","1","34.9","NS","NS"
"NWT","ML",2012-07-25,"S",449264,4437907,"A","BB","YG","204","289","171","A","F","L","0","N","5","5","1","1","1","1",NA,"0","1","1","NS","NS","1","38.4","NS","NS"
"NWT","ML",2012-07-27,"S",449292,4437861,"A","RG","RR","104","189","159","A","M","U","1","M","0","1","1","1","1","0","0","0","0","1","NS","NS","1","38.2","NS","NS"
"NWT","ML",2012-07-27,"S",448913,4437936,"A","YY","BB","148","155","136","J","F","U","1","M","0","0","1","1","1","1",NA,"1","1","0","NS","NS","1","38.2","NS","NS"
"NWT","LL",2012-08-01,"N",449851,4435607,"A","RR","RB","NS","NS","157","A","F","L","1","M","0","0","1","1","1","0","0","1","1","0","NS","NS","1","37.8","NS","NS"
"NWT","LL",2012-08-01,"N",449885,4435635,"A","RY","WG","187","151","159?","J?","M","U","1","M","0","0","1","1","1","1",NA,"0","1","0","NS","NS","1","38.3","NS","NS"
"NWT","LL",2012-08-01,"N",449951,4435604,"A","BB","BG","121","125","147","J?","F","U","1","H","0","0","1","1","1","1",NA,"0","1","1","NS","NS","1","38.7","NS","NS"
"NWT","LL",2012-08-01,"N",449900,4435526,"A","WG","RW","133","101","136","J","F","U","1","M","0","0","1","1","1","1",NA,"1","1","0","NS","NS","1","38.2","NS","NS"
"NWT","LL",2012-08-03,"N",449916,4435565,"A","YG","GR","NS","NS","197","A","F","P?/L","1","M","0","0","1","1","1","1",NA,"0","1","0","NS","NS","1","38.1","NS","NS"
"NWT","LL",2012-08-03,"N",449885,4435635,"A","RB","BR","285","99","161","A","F","U","1","M","2","3","1","1","1","1",NA,"1","1","1","NS","NS","1","37.5","NS","NS"
"NWT","LL",2012-08-03,"N",449973,4435620,"A","BB","WB","244","136","198","A","M","U","1","M","0","0","1","1","0","0","0","0","1","0","NS","NS","1","38.7","NS","NS"
"NWT","LL",2012-08-03,"N",449892,4435514,"A","GG","N","286","N","171","A","M","U",NA,"L","0","0","1","1","0","0","0","1","1","0","NS","NS","1","38.3","NS","NS"
"NWT","LL",2012-08-03,"N",449866,4435486,"A","WG","N","105","N","151","J","M","U","1","M","1","1","1","1","1","1",NA,"0","1","0","NS","NS","1","38.7","NS","NS"
"NWT","WK",2013-07-03,"NE",449290,4434275,"A","RR","RY","479","481","183","A","F","L","0","N","12","14","1","1","0","1","0","0","1","0","NS","NS","1","37.7","8.8","NS"
"NWT","WK",2013-07-03,"SE",449322,4434107,"A","WR","GR","431","495","147","A","F","L","0","N","8","8","1","1","1","0","0","0","1","0","NS","NS","1","38.6","NS","28"
"NWT","WK",2013-07-03,"SE",449315,4434091,"A","WG","RG","492","449","172","A","M","T","0","N","8","9","1","1","1","0","0","0","1","0","NS","NS","1","38.1","11.4","NS"
"NWT","WK",2013-07-05,"FLAT",449243,4434238,"A","WR","RG","416","491","146","A","F","L","0","N","10","10","1","1","1","1","1","1","1","0","NS","NS","1","36.8","8.25","NS"
"NWT","WK",2013-07-05,NA,449283,4434183,"A","WY","WR","469","430","120","A?","F?","N","0","N","1","2","1","1","1","0","1","0","1","0","NS","NS","1","39.1","8.2","22"
"NWT","WK",2013-07-05,NA,449249,4434269,"A","YG","RW","442","443","171","A","F","P?/L","0","N","5","5","1","1","1","0","0","0","1","0","NS","NS","1","38.6","NS","NS"
"NWT","WK",2013-07-10,"E",449318,4434222,"A","YR","RG","440","464","195","A","F","P/L","0","N","4",NA,"1","1","0","1","0","0","1","0","NS","NS","1","NS","9.5","22"
"NWT","WK",2013-07-10,NA,449228,4434284,"A","WB","BW","429","451","188","A","M","U","0","N","4",NA,"1","1","0","0","0","0","0","1","NS","NS","1","NS","NS","30"
"NWT","WK",2013-07-12,NA,449229,4434284,"A","WW","YR","456","422","96","J","F?","U","0","N","1","1","1","1","0","1","0","1","1","0","NS","NS","1","37.9","NS","28"
"NWT","WK",2013-07-12,"N",449011,4434376,"A","RR","GW","417","448","163","A","F","L","0","N","2","2","1","1","0","0","0","0","0","1","NS","NS","1","NS","NS","24"
"NWT","WK",2013-07-12,"N",449067,4434432,"A","RG","WY","424","439","170","A","M","U","0","N","13","14","1","1","0","1","0","1","1","0","NS","NS","1","36.9","NS","NS"
"NWT","WK",2013-07-14,NA,NA,NA,"A","RG","WY","NS","NS","153","A",NA,NA,"0","N","1","1","1","0","0","0","1","0","1","0","NS","NS","0","38.3","NS","NS"
"NWT","WK",2013-07-19,"N",449132,4434533,"A","WR","BB","415","413","161","A","M","U","1","L","2","2","1","1","1","1","0","0","1","0","NS","NS","1","36.4","NS","29"
"NWT","WK",2013-07-19,NA,449264,4434165,"A","YB","RY","485","472","155","A","F","L","1","L","3","8","1","1","1","0","0","0","0","0","NS","NS","1","NS","NS","25"
"NWT","LL",2013-07-29,"N",449903,4435627,"A","BR","WB","434","458","161","A","F","L","1","M","1","1","1","1","1","0","1","0","0","1","NS","NS","1","35.8","NS","28"
"NWT","LL",2013-07-29,"N",449892,4435643,"A","YW","BG","463","441","162","A","M","U","1","L","3","3","1","1","1","0","1","0","1","0","NS","NS","1","38.2","NS","29"
"NWT","LL",2013-07-29,"N",449930,4435525,"A","RW","YB","405","411","203","A","M","U","0","L","4","5","1","1",NA,"1","0","0","1","0","NS","NS","1","37.9","NS","29"
"NWT","LL",2013-07-29,"N",449923,4435578,"A","GR","GY","421","428","171","A","F","L",NA,NA,NA,NA,"1","1","0","0","1","1","1","0","NS","NS","0","NS","NS","NS"
"NWT","LL",2013-07-31,NA,NA,NA,"A","YW","BG","NS","NS","154","A","M",NA,"0",NA,NA,NA,"0","0","0","0","1","0","1","0","NS","NS","1","NS","NS","NS"
"NWT","LL",2013-07-31,NA,NA,NA,"A","RW","YB","NS","NS","189","A","M",NA,"0",NA,NA,NA,"0","0","1","0","1","0","1","0","NS","NS","1","NS","NS","NS"
"NWT","ML",2013-08-02,"S",449140,4437931,"A","YY","YW","483","444","76","J","M","U","1","M","3",NA,"1","1","1","1","0","0","1","0","NS","NS","1","37.4","NS","18"
"NWT","ML",2013-08-02,"S",449296,4437826,"A","WW","RG","453","414","181","A","F","L","1","L","5","6","1","1","0","1","0","0","0","0","NS","NS","1","35.7","NS","28"
"NWT","ML",2013-08-06,"S",449468,4437855,"A","GB","YY","427","436","171","A","F","L","1","L","2","2","1","1","0","1","1","0","0","0","NS","NS","1","35","NS","28"
"NWT","ML",2013-08-07,"S",448834,4437902,"A","BY","RR","420","410","181","J","M?","U","0","N","1","1","1","1","0","0","1","1","1","0","NS","NS","1","NS","NS","29"
"NWT","ML",2013-08-07,"S",449403,4437881,"A","GY","BG","457","470","184","A","F","L","1","H","0","0","1","1","1","0","1","0","0","0","NS","NS","0","38.7","NS","NS"
"NWT","ML",2013-08-07,"S",448980,4437851,"A","YR","GY","454","425","130","J","F?","U","1","L","0","0","1","1","1","0","0","1","1","0","1","NS","1","37.4","NS","NS"
"NWT","ML",2013-09-27,"S",449291,4437828,"A","WW","RG","453","414","181","A","F","L","0",NA,NA,NA,"0","0","1","0","0","0","0","0","0","NS","0","NS","NS","NS"
"NWT","ML",2013-09-27,"S",449149,4437945,"A","YY","YW","483","444","147","J?","F?",NA,"0",NA,NA,NA,"0","0","0","0","0","0","0","0","0","NS","0","NS","NS","NS"
"NWT","ML",2013-09-27,"S",NA,NA,"A","YR","GY","NS","NS",NA,NA,NA,NA,"0",NA,"0",NA,"0","0","1","0","1","0","0","0","0","NS","0","NS","NS","NS"
"NWT","ML",2013-09-27,"S",NA,NA,"A","GX","BX","NS","NS",NA,NA,NA,NA,"0",NA,"0",NA,"0","0","0","0","0","0","0","0","0","NS","0","NS","NS","NS"
"NWT","ML",2013-10-07,"S",449389,4437905,"A","GG","YW","486","437","143","J","F","U","0","N","4",NA,"1","1","0","1","0","0","0","0","0","0","1","NS","NS","NS"
"NWT","ML",2013-10-07,"S",449149,4437945,"A","YG","GG","500","487","135","J","M?","U","0","N","0",NA,"1","1","0","1","0","0","1","0","0","0","0","NS","NS","NS"
"NWT","ML",2013-10-07,"S",448855,4437915,"A","YR","YB","498","475","141","J","M?","U","0","N","2",NA,"1","1","1","0","0","1","0","0","0","0","0","NS","NS","NS"
"NWT","LL",2013-10-10,NA,450137,4435676,"A","GB","BG","NS","NS",NA,NA,NA,NA,"0",NA,"0",NA,"0","0","0","0","1","1","0","0","0","0","0","NS","NS","NS"
"NWT","LL",2013-10-10,"N",449990,4435643,"A","BX","BG","121","NS","181","A","NS","NS","0",NA,"2",NA,"1","1","1","0","0","0","0","0","0","0","0","NS","NS","NS"
"NWT","LL",2013-10-10,"N",449975,4435620,"A","N","N","none","none","198","A","M","NS","0",NA,"5",NA,"1","1","0","0","0","0","0","1","1","1","0","NS","NS","NS"
"NWT","LL",2013-10-10,"N",449892,4435620,"A","RB","BR","285","99","170","A?","NS","NS","0",NA,"26",NA,"0","0","1","0","0","0","0","0","0","0","0","NS","NS","NS"
"NWT","LL",2013-10-10,"N",449884,4435628,"A","BR","WB","NS","NS","168","A","NS","NS","0",NA,"0","0","0","0","1","0","1","0","0","0","0","0","0","NS","NS","NS"
"NWT","WK",2014-07-09,"N",449150,4434536,"A","WR","BB","415","NS","161","A","M","U","0","N","0","1","0","1","1","1","0","0","0","0","0","0","1","37.6","NS","28"
"NWT","WK",2014-07-09,"N",449194,4434536,"A","RR","RR","499","438","148","A","M","U","0","N","0","0","1","1","1","1","0","0","1","0",NA,NA,"1","38.8","NS","27"
"NWT","WK",2014-07-09,"N",449135,4434593,"A","GY","WR","480","476","140","A","F","L","0","N","4",NA,"1","1","0","1","0","0","1","0",NA,NA,"1","39.1","NS","22"
"NWT","WK",2014-07-11,"N",449054,4434436,"A","WW","WW","460","468","97","J","F","U","0","N","2","2","1","1","1","0","1","1","1","0",NA,NA,"1","37","NS","25"
"NWT","WK",2014-07-11,"N",449096,4434482,"A","GG","GG","412","450","111","J","M","U","0","N","1","2","1","1","1","1","0","1","1","0",NA,NA,"1","38.1","NS","26"
"NWT","WK",2014-07-16,"S",449227,4434201,"A","GY","WR","467","447","166","A","M","T?","0","N","7","8","1","1","0","0","0","0","0","0","1","0","1","38.9","NS","30"
"NWT","WK",2014-07-18,"S",449288,4434163,"A","YG","BW","452","426","96","J","F","U","0","N","0","0","1","1","1","1","0","1","1","0","1","1","1","35.8","NS","30"
"NWT","WK",2014-07-18,"S",449252,4434149,"A","GB","GW","461","418","83","J","F","U","0","N","1","1","1","1","1","1","0","1","1","0",NA,NA,"1","38.6","NS","NS"
"NWT","WK",2014-07-18,"S",449304,4434185,"A","GY","BW","474","477","158","A","M","U","0","N","8","8","1","1","0","0","0","0","1","0","1","1","1","40","NS","30"
"NWT","LL",2014-07-23,"N",449982,4435648,"A","GW","N","49X","NS","185","A","M","NS","1","H","4","4","0","1","0","1","0","0","1","0","1","1","1","NS","NS","NS"
"NWT","LL",2014-07-23,"N",449970,4435619,"A","WW","WG","445","462","72","J","F","U","0","N",NA,"2","1","1","1","1","0","0","1","0",NA,"1","1","36.2","NS","22"
"NWT","LL",2014-07-23,"N",449929,4435525,"A","BB","BB","570","435","82","J","M","NS","0","N","2","2","1","1","1","0","1","0","1","0","1","1","1","36.9","NS","NS"
"NWT","LL",2014-07-23,"N",449913,4435562,"A","BG","WG","446","482","86","J","M","U","0","N","5","5","1","1","1","1","0","1","0","0","0","0","1","36.4","NS","26"
"NWT","LL",2014-07-25,"N",449886,4435637,"A","WY","BY","573","546","93","J","M","U","0","L","5","5","1","1","0","1","0","1","1","0","1","1","1","36.8","NS","28"
"NWT","LL",2014-07-25,NA,449922,4435582,"A","BB","RR","588","526","179","A","M","T","0","M","11","11","1","1","0","1","0","0","1","0","1","1","1","36.8","NS","30"
"NWT","LL",2014-07-25,NA,450066,4435671,"A","WY","WY","585","537","112","J","M","U","0","N","0","1","1","1","0","1","0","1","0","0","0","0","1","NS","NS","25"
"NWT","ML",2014-08-06,"S",449146,4437930,"A","WB","RB","591","597","136","A","F","U",NA,"L","1","3","1","1","1","1","0","0","0","0","0","0","1","NS","NS","30"
"NWT","ML",2014-08-06,"S",449126,4437962,"A","GW","RW","516","567","116","J","M","NS","0","L","1","2","1","1","1","0","1","1","1","0","1","0","0","NS","NS","30"
"NWT","ML",2014-08-06,"S",448921,4437888,"A","RB","WW","510","506","206","A","F","P?","0","L","4","4","1","1","1","0","0","0","0","0","0","0","1","NS","NS","29"
"NWT","ML",2014-08-06,"S",448839,4437903,"A","BW","GR","599","564","119","J","M","NS","0","N","0","0","1","1","1","0","1","1","0","0","0","0","1","NS","NS","27"
"NWT","ML",2014-08-06,"S",448773,4437894,"A","RW","RB","552","579","117","J","M","NS","0","N","1","1","1","1","0","0","1","1","0","0","0","0","1","NS","NS","26"
"NWT","ML",2014-08-06,"S",448753,4437896,"A","WR","GR","530","593","102","J","M","NS","0","N","4","4","1","1","1","1","0","1","1","0","1","1","1","NS","NS","NS"
"NWT","WK",2014-10-16,"NE",449294,4434262,"A","RR","RR","543","571","164","A","M","U","NS",NA,"0","0","1","1","0","1","0","0","0","0","0","0","0","36.8","NS","29"
"NWT","WK",2014-10-16,"NE",449305,4434256,"A","WW","WW","394","309","157","A","M","NS","NS",NA,"7",NA,"0","1","0","0","1","1","0","0","0","0","0","37.5","NS","27"
"NWT","WK",2014-10-16,"NE",449269,4434258,"A","BB","BB","598","504","147","A","M","NS","0","0","6",NA,"1","1","0","0","0","0","0","0","0","0","0","37.7","NS","25"
"NWT","WK",2014-10-16,"NE",449309,4434259,"A","YY","YY","518","588","127","A","F","NS","0","0",NA,NA,"1","1","1","0","1","0","0","1","1","1","0","37.3","NS","25"
"NWT","WK",2014-10-16,"NE",449306,4434187,"A","BW","RW","554","558","142","A","M","U","0","0",NA,NA,"1","1","0","0","0","0","0","0","0","0","0","38","NS","30"
"NWT","WK",2014-10-16,"NE",449308,4434289,"A","BG","GG","545","541","111","J","F","NS","0","0","0","0?","1","1","0",NA,NA,NA,"0","0","0","0","0","38.2","NS","30"
"NWT","WK",2015-07-09,"N",449134,4434537,"A","RW","WB","519","577","124","A","F","L","0","N","0","0","1","1","1","1","1","0","1","0","1","0","1","36.5","NS","26"
"NWT","WK",2015-07-09,"N",449063,4434435,"A","GR","RR","525","502","158","A","F","P/L","0","N","1","1","1","1","1","1","0","0","1","0","1","0","1","38.2","NS","25"
"NWT","WK",2015-07-10,NA,449150,4434529,"A","RY","GB","513","551","120","A","M","T","0","N","1","1","1","1","0","0","0","0","1","0","1","1","1","38.9","NS","22"
"NWT","LL",2015-07-15,"N",449890,4435651,"A","WY","BY","573","546","168","A","M","U","0","N","3","3","1","1","1","0","1","1","1","0","1","0","1","37.3","NS","28"
"NWT","LL",2015-07-15,"N",449972,4435617,"A","WG","WY","574","529","140","A","F","L","0","N","1","1","1","1","1","1","1","0","0","1","1","1","1","38.2","NS","28"
"NWT","LL",2015-07-17,"N",449884,4435585,"A","WB","RY","564","507","170","A","M","U","0","N","1","1","1","1","0","1","0","0","0","1","1","1","1","37.2","NS","26"
"NWT","ML",2015-07-22,"S",449396,4437901,"A","RY","WB","534","566","186","A","M","T","1","M","5","6","1","1","1","1","1","0","1","0","1","1","1","38.9","NS","26"
"NWT","ML",2015-07-22,"S",448792,4437894,"A","GY","YR","533","505","188","A","M","T","0","N","3","3","1","1","1","0","1","1","1","0","1","0","1","37.7","NS","27"
"NWT","WK",2015-09-28,"NE",449317,4434272,"A","WW","H","394","none","168","A","M","U","1","M","0","0","0","2","0","0","0","0","0","0","1","1","1","38.4","NS","27"
"NWT","WK",2015-09-28,"NE",449316,4434273,"A","BW","BW","503","523","147","A?","F","U","1","L","3","3","1","2","1","1","0","0","0","0","0","0","1","NS","NS","25"
"NWT","WK",2015-09-28,"NE",449249,4434226,"A","BR","N","600","none","142","J","F","U","1","L","0","0","1","2","1","0","0","0","0","0","0","0","1","NS","NS","27"
"NWT","WK",2015-09-28,"NE",449235,4434291,"A","RG","WB","512","540","132","J","F","U","1","L","0","1","1","2","1","1","0","2","0","0","0","1","1","NS","NS","27"
"NWT","WK",2015-09-28,"NE",449335,4434341,"A","N","YW","none","531","92","J","F","U","1","L","0","0","1","2","1","1","1","1","0","0","1","0","1","NS","NS","24"
"NWT","WK",2015-09-28,"E",449301,4434207,"NS","NS","NS","NS","NS","NS","J","NS","NS","NS","NS","NS","NS","NS","NS","NS","1","NS","NS","NS","NS","NS","NS","NS","NS","NS","NS"
"NWT","WK",2015-09-28,"E",449306,4434186,"NS","NS","NS","NS","NS","NS","J","NS","NS","NS","NS","NS","NS","NS","NS","NS","1","NS","1","NS","NS","NS","NS","NS","NS","NS","NS"
"NWT","WK",2016-06-24,"S",449254,4434186,"A","YG","GY","673","671","199","A","F","L","0",NA,"7","7","1","1","1","0","1","0","1","0","1","0","1","37.8","NS","28"
"NWT","WK",2016-06-24,"S",449230,4434284,"A","RG","WB","512","540","143","A","F","L","0",NA,"0","0","0","1","1","0","1","0","0","0","1","0","1","38.1","NS","NS"
"NWT","WK",2016-06-27,"N",449081,4434426,"A","WR","WW","696","627","153","A","F","U","0","N?","0","0","1","1","0","1","1","0","2","0","1","0","1","37.9","NS","27"
"NWT","WK",2016-06-27,"S",449237,4434213,"A","GG","WR","624","700","154","A","M","N","0",NA,"0","0","1","1","1","1","0","0","0","0","0","1","1","39.5","NS","27"
"NWT","CG",2016-07-06,"S",451383,4432978,"A","RB","RG","630","634","136","A","F","L","0","N","2","2","1","1","1","0","1","1","1","0","0","0","1","38.4","NS","27"
"NWT","CG",2016-07-06,"S",451368,4432961,"A","YR","WG","636","677","145","A","F","L","0","N","7","8","1","1","1","0","1","1","1","0","0","1","1","37.4","NS","30"
"NWT","CG",2016-07-06,"S",451383,4432978,"A","YW","RR","620","692","51","J","NS","NS","0","N","0","0","1","1","1","0","1","0","1","0","0","0","1","NS","NS","25"
"NWT","CG",2016-07-06,"S",451411,4432983,"A","YY","GW","646","661","159","A","M","T","0","N","4","0","1","0","1","0","0","0","0","1","1","0","1","NS","NS","NS"
"NWT","CG",2016-07-06,"S",451433,4432992,"A","BY","YB","681","675","65","J","M","NS","0","N","1","1","1","1","0","0","1","1","0","0","0","0","0","NS","NS","NS"
"NWT","CG",2016-07-06,"S",451391,4432951,"A","GW","GW","623","625","52","J","F","NS","1","1","0","0","1","1","1","0","1","0","0","0","0","1","1","NS","NS","NS"
"NWT","LL",2016-07-13,"N",449885,4435659,"A","RY","GG","640","691","167","A","F","P/L","0","0","1","1","1","1","1","0","1","1","0","0","0","0","1","NS","NS","NS"
"NWT","LL",2016-07-13,"N",450082,4435668,"A","YG","BG","629","614","162","A","F","P?","0","0","6","6","1","1","1","0","1","1","0","0","0","0","1","NS","NS","26"
"NWT","LL",2016-07-13,"N",449995,4435659,"A","GW","GB","621","645","152","A","F","L","0","N","2","2","1","1","1","0","1","1","0","0","0","0","1","NS","NS","NS"
"NWT","LL",2016-07-13,"N",449835,4435596,"A","RY","YG","899","699","185","A","F","P/L","0","0","1","2","1","1","1","1","2","0","0","0","0","0","1","NS","NS","29"
"NWT","LL",2016-07-13,"N",449973,4435645,"A","RY","YG(2)","666","641","67","J","M","NS","0","0","0","0","1","1","0","1","0","1","0","0","0","0","1","NS","NS","NS"
"NWT","LL",2016-07-13,"N",449907,4435620,"A","BR","RR","680","699","76","J","M","NS","0","0","1","1","1","0","2","0","1","0","0","0","0","0","1","NS","NS","NS"
"NWT","LL",2016-07-13,"N",449902,4435528,"A","BY","RG","611","603","75","J","M","NS","0","0","1","1","1","1","1","0","1","1","0","0","0","0","1","NS","NS","28"
"NWT","LL",2016-07-13,"N",449837,4435694,"A","RW","YW","648","686","111","J","F","NS","0","0","0","0","1","1","2","1","0","0","0","0","0","0","1","NS","NS","25"
"NWT","ML",2016-07-22,"S",448483,4437893,"A","GW","BW","652","678","173","A","F","P/L","1","L","0","0","1","0","1","0","0","1","0","1","1","1","0","39","NS","28"
"NWT","ML",2016-07-22,"S",448840,4437894,"A","GY","YR","533",NA,"NS","A","NS","NS","0","0","15","14","0","0","0","0","0","0","0","0","0","0","0","NS","NS","NS"
"NWT","ML",2016-07-22,"S",449207,4437894,"A","YG","WW","653","695","177","A","F","L",NA,"L","15","17","1","2","1","0","1","1","1","0","1","1","1","37.8","NS","28"
"NWT","ML",2016-07-22,"S",448764,4437896,"A","BR","GB","622","633","144","J","F","U","0","N","4","5","1","2","1","0","0","1","0","0","0","1","1","NS","NS","25"
"NWT","ML",2016-07-22,"S",449529,4437840,"A","GR","BY","674","662","86","J","M","U","0","N","0","0","1","2","1","0","1","0","0","0","0","0","1","NS","NS","NS"
"NWT","ML",2016-07-25,"S",449306,4437894,"A","BY","N","688",NA,"166","A","F","P/L","0","0","4","4","1","1","0","0","0","0","0","0","1","0","0","NS","NS","NS"
"NWT","ML",2016-07-25,"S",449542,4437842,"A","YW","WW","667","682","151","A","F","NS","0","0","4","4","1","1","1","0","0","0","0","0","0","0","0","NS","NS","NS"
"NWT","ML",2016-07-25,"S",448682,4437888,"A","BG","YB","689","647","165","A","M","NS","0","N","1","2","1","0","0","1","0","1","0","0","1","0","1","NS","NS","NS"
"NWT","ML",2016-07-25,"S",449146,4437933,"A","GG","GY","650","608","94","J","M","NS","1",NA,"1","1","1","1","1","0","1","1","0","0","0","0","0","NS","NS","NS"
"NWT","ML",2016-07-25,"S",449167,4437884,"A","GY","RG","626","649","172","A","M","NS","0",NA,"0","0","1","1","1","0","0","0","0","0","0","0","0","NS","NS","NS"
"NWT","ML",2016-07-25,"S",449143,4437952,"A","RW","GR","605","670","87","J","F","U","0","N","1","1","1","0","1","1","0","1","2","0","1","1","1","36.5","NS","27"
"NWT","ML",2016-07-25,"S",448699,4437891,"A","YB","WB","607","660","71","J","M","NS","0",NA,"2","2","1","0","0","0","1","1","0","0","0","0","0","NS","NS","NS"
"NWT","ML",2016-07-25,"S",449372,4437909,"A","GR","WR","683","693","83","J","F","NS","1","M","2","4","1","2","1","0","1","0","0","0","0","0","1","NS","NS","NS"
"NWT","ML",2016-07-25,"S",448751,4437897,"A","RR","YB","659","697","69","J","M","NS","0","N","1","1","1","0","0","1","0","1","0","0","0","0","0","NS","NS","NS"
"NWT","WK",2016-11-03,NA,449316,4434094,"A","RR","YB","527","586","133","NS","M","NS","0","N","0","0","1","1","0","1","2","1","0","0","0","0","1","NS","NS","NS"
"NWT","WK",2016-11-03,NA,449343,4434317,"A","BY","BG","628","657","133","NS","F","NS","0","N","0","0","1","1","0","1","0","2","0","0","0","0","1","NS","NS","NS"
"NWT","WK",2016-11-03,NA,449319,4434271,"A","GY","BG","654","517","156","NS","M","NS","0","N","0","0","1","1","0","0","2","0","0","0","0","0","1","NS","NS","NS"
"NWT","WK",2016-11-03,NA,449288,4434285,"A","RR","WR","520","539","136","NS","F","NS","0","N","1","1","1","1","0","0","2","0","0","1","1","0","1","NS","NS","NS"
"NWT","WK",2016-11-03,NA,449292,4434238,"A","RY","RW","511","556","149","NS","M","NS","0","N","0","0","1","1","1","0","0","0","0","1","1","1","1","NS","NS","NS"
"NWT","WK",2016-11-04,"S",449381,4434086,"A","BY","BY","684","687","117","NS","M","NS","NS","NS","NS","NS","1","1","0","0","1","0","0","0","0","0","1","NS","NS","NS"
"NWT","WK",2016-11-04,"N",449308,4434364,"A","YY","RY","616","594","120","NS","F","NS","0","NS","NS","NS","1","1","0","0","1","1","0","0","0","0","1","NS","NS","NS"
"NWT","WK",2016-11-04,NA,449099,4434437,"A","BR","N","690","NS","116","NS","M","NS","0","NS","0","0","1","1","0","0","0","0","0","0","0","0","1","NS","NS","NS"
"NWT","CG",2017-06-30,"S",451389,4432953,"A","RB","RG","630","643","157","A","M","T","0","N","3","3","0","2","2","0","0","0","0","0","0","0","1","NS","NS","26"
"NWT","CG",2017-06-30,"S",451409,4432957,"A","BY","BR","785","778","156","A","M","T","0","N","23","23","2","2","1","1","0","0","1","0","1","0","1","37.7","NS","27"
"NWT","CG",2017-06-30,"S",451465,4432994,"A","RB","YG","797","707","154","A","F","L","0","N","2","3","2","2","1","0","3","1","1","0","1","1","0","36.4","NS","25"
"NWT","CG",2017-06-30,"S",451430,4432993,"A","BY","YB","681","675","166","A","M","T","0","N","11","15","0","2","1","1","0","0","1","0","1","0","1","36.5","NS","28"
"NWT","WK",2017-07-14,"S",449351,4434336,"A","YW","GY","783","732","159","A","F","L","0","N","2","2","2","2",NA,"0","0","1","1","0","2","0","1","37.4","NS","26"
"NWT","WK",2017-07-14,"S",449374,4434097,"A","WW","RW","796","750","71","J","F","N","0","N","0","0","2","2","1","0","0","0","1","0","1","0","1","36.3","NS","NS"
"NWT","WK",2017-07-14,"S",449317,4434238,"A","WR","GG","798","786","141","A","F","L","0","N","0","0","1","2",NA,"0","2","1","1","0","1","1","1","36.8","NS","21"
"NWT","WK",2017-07-14,"S",449233,4434157,"A","YY","WB","719","751","130","A","F","L","0","N","1","2","2","2",NA,"0","1","1","1","0","1","0","1","36.7","NS","25"
"NWT","WK",2017-07-14,"S",449309,4434289,"A","RY","RR","759","746","151","A","M","U","0","N","1","1","2","2",NA,"0","1","0","1","0","1","0","1","36.8","NS","26"
"NWT","WK",2017-07-19,"N",449094,4434477,"A","YW","GY","712","725","107","A?","M","T","0","N","0","0","2","2",NA,"1","1","0","1","0","1","0","1","37.4","NS","24"
"NWT","WK",2017-07-19,"N",449069,4434479,"A","GR","YW","777","791","143","A","F","L","0","N","0","0","1","2","1","1","0","1","0","0","1","1","1","37.3","NS","27"
"NWT","WK",2017-07-19,"N",449059,4434438,"A","RG","GB","727","736","140","A","M","T","0","N","0","0","2","2","2","2","1","0","1","0","1","0","1","37.2","NS","28"
"NWT","WK",2017-07-19,"N",449068,4434386,"A","GY","WY","706","760","139","A","F","L","0","N","0","0","2","2","1","0","1","0","0","1","1","1","1","38.9","NS","29"
"NWT","WK",2017-07-19,"N",449074,4434481,"A","BB","YB","702","765","150","A","NS","NS","0","N","0","0","2","2",NA,"0","0","0","0","0","0","0","1","NS","NS","NS"
"NWT","WK",2017-07-19,"N",449102,4434434,"A","WG","BY","779","763","100","J","NS","NS","0","N","0","0","3","2","1","0","2","0","0","0","0","0","1","NS","NS","NS"
"NWT","WK",2017-07-19,"N",448996,4434366,"A","GR","YY","735","740","150","A","NS","NS","0","N","0","0","2","2",NA,"0","1","1","0",NA,"0","0","1","NS","NS","NS"
"NWT","WK",2017-07-19,"N",449033,4434387,"A","RW","BB","781","790","112","J","NS","NS","0","N","0","0","2","2",NA,"0","2","0","0","0","0","0","1","NS","NS","NS"
"NWT","LL",2017-07-24,"N",449914,4435561,"A","WY","YW","704","745","157","A","F","L","1","L","5","7","2","2","1","0","3","2","0","1","1","0","1","36.8","NS","30"
"NWT","LL",2017-07-24,"N",449973,4435639,"A","N","BY",NA,"546","165","A","M","T","1","L","17","17","1","2","2","0","1","0","0","1","1","1","1","36.4","NS","28"
"NWT","LL",2017-07-25,"N",449950,4435621,"A","N","BY",NA,"546","169","A","M","T","1","L","3","3","NS","NS","0","0","0","1","0","1","0","0","0","37.5","NS","28"
"NWT","LL",2017-07-25,"N",449956,4435624,"A","GY","BR","734","716","83","J","M?","NS","1","L","1","1","2","2","1","0","0","1","1","0","1","0","1","36.5","NS","28"
"NWT","LL",2017-07-25,"N",449936,4435499,"A","YR","GR","703","758","185","A","F","P/L","0","N","4","5","2","3","1","2","0","1","1","0","0","0","1","37.2","NS","28"
"NWT","LL",2017-07-25,"N",449888,4435508,"A","GW","BR","724","720","70","J","F?","NS","1","M","3","4","2","2","1","0","2","0","0","0","0","0","1","NS","NS","25"
"NWT","ML",2017-08-01,"S",448700,4437891,"A","WB","RW","793","757","166","A","F","L","0","N","3","5","2","2","1","0","0","1","1","1","1","1","1","38.1","NS","29"
"NWT","ML",2017-08-01,"S",449126,4437938,"A","RW","GR","605","670","178","A","F","P?/L","1","L","3","6","0","2","0","1","0","1","0","0","0","0","1","37.2","NS","29"
"NWT","WK",2018-07-13,"S",449262,4434202,"A","WW","WW","982","983","168","A","NS","U","1","L","0","1","2","2","0","0","0","0","0","0","0","0","1","NS","NS","27"
"NWT","WK",2018-07-13,"S",449236,4434215,"A","GG","GG","993","971","174","A","M?","U","1","L","0","0","2","2","1","0","0","0","0","0","0","0","1","NS","NS","30"
"NWT","WK",2018-07-13,"S",449256,4434223,"A","RR","RR","903","984","118","J","M","U","0","L","0","0","2","2","2","0","1","0","0","0","0","0","1","NS","NS","30"
"NWT","WK",2018-07-13,"S",449317,4434095,"A","YY","YY","942","959","101","J","F","U","0","L","0","0","2","2","2","0","2","0","0","0","0","0","1","NS","NS","30"
"NWT","WK",2018-07-13,"S",449249,4434147,"A","BB","BB","909","967","102","J","NS","U","1","M","0","0","2","2","1","0","2","0","0","0","0","0","1","NS","NS","29"
"NWT","WK",2018-07-13,"S",449258,4434173,"A","YY","WB","NS","NS","NS","NS","NS","NS","NS","NS","NS","NS","NS","NS","NS","NS","NS","NS","NS","NS","NS","NS","NS","NS","NS","NS"
"NWT","WK",2018-07-13,"S",449303,4434186,"A","YG","GY","NS","NS","NS","NS","NS","NS","NS","NS","NS","NS","NS","NS","NS","NS","NS","NS","NS","NS","NS","NS","NS","NS","NS","NS"
"NWT","LL",2018-07-20,"N",449936,4435555,"A","RR","WW","915","953","162","A","F","L","1","M","2","2","2","2","1","0","2","0","0","0","0","0","1","38.2","NS","27"
"NWT","LL",2018-07-20,"N",449994,4435543,"A","GG","BB","906","965","101","J","M?","U","1","M","2","2","2","2","1","0","2","1","1","0","1","0","1","36.6","NS","28"
"NWT","LL",2018-07-20,"N",449916,4435558,"A","WW","GG","939","968","121","J","M","U","0","N","1","1","2","2","0","0","1","1","0","1","0","1","1","37.6","NS","29"
"NWT","LL",2018-07-20,"N",449924,4435581,"A","BB","RR","912","935","107","J","NS","NS","1","L","1","1","1","2","1","0","2","0","0","0","1","0",NA,"NS","NS","NS"
"NWT","LL",2018-07-20,"N",449908,4435540,"A","YY","WB","943","996","160","A","NS","NS","1","M","5","5","2","2","0","0","0","0","0","1","1","0",NA,"NS","NS","NS"
"NWT","LL",2018-07-20,"N",449880,4435629,"A","GR","YY","944","970","93","J","NS","NS","1","L","1","1","2","2","0","0","1","1","0","0","0","0","1","NS","NS","NS"
"NWT","ML",2018-08-03,"S",448931,4437884,"A","WB","RW","923","947","151","NS","NS","NS","0","L","0","0","2","2","0","0","0","0","0","0","0","0","1","NS","NS","NS"
"NWT","ML",2018-08-03,"S",449402,4437883,"A","BY","GR","NS","NS","NS","A","NS","NS","NS","NS","NS","NS","NS","NS","1","NS","NS","NS","NS","NS","NS","NS","NS","NS","NS","NS"
"NWT","ML",2018-08-03,"S",448782,4437897,"A","BR","YR","907","998","162","NS","NS","NS","0","M","1","1","2","2","0","0","0","0","0","0","0","0","1","NS","NS","NS"
"NWT","ML",2018-09-28,NA,449283,4437869,"A","YW","BY","976","905","142","A","NS","NS","0","N","0","0","3","2","0","1","0","0","0","0","0","0","1","NS","NS","NS"
"NWT","ML",2018-09-28,NA,449303,4437892,"A","BR","YW","966","954","170","A","NS","NS","0","N","0","0","2","2","1","0","0","0","0","0","0","0","1","NS","NS","29"
"NWT","ML",2018-09-28,NA,449474,4437845,"A","RW","BG","951","937","183","NS","NS","NS","0","NS","1","1","2","2",NA,"1","0","0","0","0","0","0","1","NS","NS","31"
"NWT","ML",2018-09-28,NA,449377,4437902,"A","YY","RG","962","934","NS","A","M","NS","0","NS","1","1",NA,NA,"1","0","2","0","0","0","0","0",NA,"NS","NS","32"
"NWT","ML",2018-09-28,NA,449540,4437826,"A","YY","YY","891","830","168","NS","NS","NS","0","NS","0","NS","2","2","1","0","0","0","0","0","0","0",NA,"NS","NS","NS"
"NWT","ML",2018-09-28,NA,449467,4437830,"A","WW","WW","882","883","168","NS","NS","NS","0","NS","0","NS","2","2","0","1","1","0","0","0","0","0",NA,"NS","NS","NS"
"NWT","ML",2018-09-28,NA,449490,4437839,"A","RR","RR","842","890","148","NS","NS","NS","0","NS","0","NS","2","2","0","0","0","0","0","0","0","0",NA,"NS","NS","NS"
"NWT","WK",2019-07-09,NA,449288,4434176,"A","GY","RR","834","889","164","A","NS","NS","0","N","1","1","2","2","0","0","0","1","NS","0","0","0","1","NS","NS","NS"
"NWT","WK",2019-07-09,NA,449221,4434249,"A","OR","GR","881","898","148","A","NS","NS","0","N","0","0","3","2","1","0","1","1","NS","0","0","0","1","NS","NS","NS"
"NWT","WK",2019-07-09,NA,449242,4434294,"A","RY","OG","822","899","169","A","NS","NS","0","N","1","1","2","2","1","0","1","1","NS","0","0","0","1","NS","NS","NS"
"NWT","WK",2019-07-09,NA,449252,4434186,"A","RG","RB","878","856","168","A","NS","NS","0","N","4","4","2","2","1","0","1","0","NS","NS","0","0","0","NS","NS","NS"
"NWT","WK",2019-07-09,NA,449285,4434161,"A","RB","YW","807","819","209","A","NS","NS","0","N","1","2","2","2","0","0","1","0","NS","NS","0","0","1","NS","NS","NS"
"NWT","WK",2019-07-16,NA,449284,4434291,"C3","HN","HN","NS","NS","51","J","NS","NS","0","N","0","NS","2","2","0","0","0","0","0","0","0","0","1","NS","NS","NS"
"NWT","WK",2019-07-16,NA,449318,4434236,"A","GG","GR","817","811","152","A","NS","NS","0","N","0","NS","3",NA,"1","0","1","1","0","1","0","1",NA,"NS","NS","NS"
"NWT","WK",2019-07-16,NA,449323,4434282,"A","WY","RR","865","867","165","A","NS","NS","0","N","4","4","2","2","0","0","0","0","0","0","0","0","1","NS","NS","NS"
"NWT","WK",2019-07-16,NA,449319,4434263,"A","YB","RW","877","824","104","J","NS","NS","0","N","1","1","2","2","0","1","0","1","0","0","0","0",NA,"NS","NS","NS"
"NWT","WK",2019-07-16,NA,449011,4434378,"C3","LN","LN","NS","NS","NS","J","NS","NS","0","N","0","NS","2",NA,"0","0","0","0","0","0","0","0","0","NS","NS","NS"
"NWT","WK",2019-07-16,NA,449028,4434387,"C3","HN","LN","NS","NS","NS","A","NS","NS","0","N","0","NS","2","2","0","0","0","0","0","0","0","0","0","NS","NS","NS"
"NWT","LL",2019-07-23,NA,449859,4435490,"A","GB","OR","801","804","186","A","F","P/L","0","N","8","8","2","2","1","0","0","0","1","0","1","0","1","NS","NS","27"
"NWT","LL",2019-07-30,NA,450082,4435664,"A","OY","RB","872","637","154","A","F","L","0","N","0","0","2","2","1","0","1","0","0","1","1","0","1","37","NS","30"
"NWT","LL",2019-07-30,NA,449985,4435654,"A","OG","WR","897","859","77","J","NS","U","0","N","0","NS","1","2","1","0","1","0","0","0","0","0","1","NS","NS","NS"
"NWT","LL",2019-07-30,NA,449832,4435596,"A","RB","OY","815","873","73","J","NS","U","0","N","0","NS","2","2","1","0","0","1","0","0","0","0","1","NS","NS","NS"
"NWT","LL",2019-07-30,NA,449916,4435556,"A","GG","OW","843","851","82","J","NS","U","0","N","0","NS","2","2","1","0","1","1","0","0","0","0",NA,"NS","NS","NS"
"NWT","ML",2019-09-14,NA,448903,4437935,"A","WR","WR","861","803","157","A?","F","U","1","L","0","0","2","2","1","0","1","1","1","0","1","0","1","36.5","NS","30"
"NWT","ML",2019-09-14,NA,449304,4437892,"A","YY","WY","818","821","112","J","F?","U","1","M","0","0","2","2","0","0","1","0","NS","NS","0","0","1","NS","NS","27"
"NWT","WK",2019-10-01,NA,449226,4434283,"A","NS","NS","NS","NS","167","A","M","U","0","N","0","0","1","2","1","1","1","1","0","0","0","0","1","NS","NS","NS"
"NWT","WK",2019-10-01,NA,449310,4434276,"A","NS","NS","NS","NS","196","A","M","U","1","L","0","0","1","2","1","1","1","0","0","0","0","0","1","NS","NS","30"
"NWT","WK",2019-10-01,NA,449454,4434236,"A","WW","GG","850","848","167","A","M","U","1","M","0","0","2","2","1","0","1","0","0","0","0","0","1","NS","NS","31"
"NWT","WK",2019-10-01,NA,449268,4434236,"A","NS","NS","NS","NS","146","J","F","U","0","L","0","0","1","2","1","1","0","0","0","0","0","0","1","NS","NS","31"
"NWT","WK",2019-10-02,NA,449254,4434149,"A","WG","RB","833","858","150","A?","F?","U","1","L","10","10","2","2","0","0","0","0","0","1","0","0","1","NS","NS","31"
"NWT","WK",2019-10-02,NA,449406,4434146,"A","NS","NS","NS","NS","114","J","F?","U","1","M","2","2","1","2","0","1","1","0","0","0","0","0","1","NS","NS","28"
"NWT","WK",2019-10-02,NA,449442,4434335,"A","H","RG","NS","NS","145","J?","M","U","1","L","0","0","3","2","1","0","1","0","0","1","0","0","1","NS","NS","30"
"NWT","WK",2020-07-01,NA,449465,4434236,"A","RR","RR","924","835","124","A","F","L","0","N","0","0","2","2","2","0","1","0","0","0","0","0","1","38","NS","NS"
"NWT","WK",2020-07-01,NA,449341,4434315,"A","WW","WW","952","901","161","A","F","L","0","N","0","1","2","2","1","0","0","1","0","0","0","0","1","NS","NS","NS"
"NWT","WK",2020-07-01,NA,449352,4434337,"A","YY","YY","949","977","173","NS","NS","NS","0","N","0","1","2","2","1","0","1","1","0","0","0","0",NA,"NS","NS","NS"
"NWT","WK",2020-07-01,NA,449298,4434334,"A","PB","PB","852","863","97","J","NS","NS","0","N","1","1","2","2","2","0","1","0","0","0","0","0","1","NS","NS","NS"
"NWT","WK",2020-07-01,NA,449326,4434347,"A","PG","PG","839","991","178","A","NS","NS","0","N","4","4","2","2","0","0","0","0","0","0","0","0","1","NS","NS","NS"
"NWT","WK",2020-07-01,NA,449344,4434327,"A","PW","PW","857","963","153","A","NS","NS","0","N","0","0","2","2","1","0","0","0","0","0","0","0","1","NS","NS","NS"
"NWT","WK",2020-07-01,NA,449344,4434327,"A","PY","PY","920","960","175","A","M","NS","0","N","5","5","2","2","0","0","1","1","1","0","1","0","1","38.4","NS","28"
"NWT","LL",2020-07-13,"N",450111,4435669,"A","YB","RG","946","918","167","A","M","T","0","N","17","17","2","2","1","0","1","1","0","1","1","0","1","38.1","NS","31"
"NWT","LL",2020-07-13,"N",450111,4435669,"A","WR","PY","994","931","82","J","F","U","0","N","2","3","2","2","2","0","2","1","1","0","1","0","1","38","NS","31"
"NWT","LL",2020-07-13,"N",449990,4435647,"A","YW","GR","995","956","187","A","NS","NS","1","L","3","3","2","2","0","0","1",NA,"0",NA,"0","0","1","NS","NS","NS"
"NWT","LL",2020-07-13,"N",449990,4435647,"A","RG","GG","993","904","184","A","NS","NS","1","L","8","8","2","2","1","0","1","0","0","0","0","0","1","NS","NS","NS"
"NWT","LL",2020-07-13,"N",449924,4435581,"A","GY","GB","990","1000","154","A","NS","NS","0","N","20","26","2","2","1","0","0","0","0","0","0","0","1","NS","NS","NS"
"NWT","LL",2020-07-13,"N",449902,4435660,"A","RB","YY","972","974","88","J","M","U","1","L","1","1","2","2","2","0","1","0","0","0","0","0","1","NS","NS","28"
"NWT","ML",2020-07-27,"S",449465,4437835,"A","GB","YW","911","919","165","A","F","L","1","L","2","2","2","2","1","0","1","2","1","0","1","0","1","37.72","NS","29"
"NWT","ML",2020-07-27,"S",449484,4437897,"A","WB","WR","932","950","151","A","F","L","1","M","0","0","1","2","1","0","2","1","1","0","1","0","1","37.22","NS","30"
"NWT","ML",2020-07-27,"S",449303,4437840,"A","YW","GB","961","969","126","A","F","U","1","L","2","3","2","2","2","1","2","0","0","0","0","0","1","37.94","NS","28"
"NWT","ML",2020-07-27,"S",449458,4437869,"A","GB","RG","958","975","118","J","NS","U","1","M","1","1","3","2","1","0","3","0","0","0","0","0","1","NS","NS","NS"
"NWT","ML",2020-07-27,"S",449435,4437879,"A","WR","YB","921","930","52","J","NS","U","1","H","0","0","2","2","1","0","2","0","0","0","0","0","1","NS","NS","25"
"NWT","ML",2020-07-28,"S",448839,4437898,"A","YY","YB","940","925","119","J","NS","U","1","L","1","1","2","2","0","0","0","0","0","0","0","0","1","NS","NS","26"
"NWT","ML",2020-07-28,"S",448751,4437895,"A","RY","WR","916","929","132","J","NS","U","0","N","3","3","2","2","0","0","1","0","0","0","0","0","1","NS","NS","NS"
"NWT","ML",2020-07-28,"S",448977,4437852,"A","YR","PW","922","917","110","J","NS","U","1","L","0","0","2","2","1","0","2","1","0","0","0","0","1","NS","NS","28"
"NWT","ML",2020-07-28,"S",448892,4437940,"A","YW","WG","928","914","134","A","F","L","0","N","3","4","3","2","1","1","0","1","1","0","0","0","1","NS","NS","23"
"NWT","WK",2020-09-14,"E",449412,4434240,"A","WY","YB","485","432","144","J?","NS","NS","0","N","0","0","2","2","0","0","0","0","0","0","0","0","1","NS","NS","NS"
"NWT","WK",2020-09-14,"E",449307,4434209,"A","PB","PW","401","979","142","A?","NS","NS","0","L","0","1","2","2","1","0","1","0","0","0","0","0","1","NS","NS","NS"
"NWT","WK",2020-09-14,"E",449300,4434227,"A","WY","PB","472","440","174","A","M","U","0","L","2","2","1","2","0","0","1","0","0","0","0","0","1","NS","NS","NS"
"NWT","WK",2020-09-14,"E",449323,4434241,"A","RW","WY","431","913","162","A","NS","NS","1","L","0","0","2","2","1","0","1","0","0","0","0","0","1","NS","NS","NS"
"NWT","WK",2020-09-14,"E",449324,4434262,"A","none","none","none","none","NS","A","NS","NS","0","NS","0","NS","0","0","1","0","1","0","0","0","0","0","0","NS","NS","NS"
"NWT","WK",2020-09-14,"E",449324,4434262,"A","YB","RW","877","824","168","A","M","NS","1","L","0","0","0","2","1","1","0","0","0","0","0","0","1","NS","NS","NS"
"NWT","WK",2020-09-14,"W",449066,4434382,"A","GB","PB","456","494","149","J","NS","NS","0","N","0","0","2","2","1","0","0","0","0","0","0","0","1","NS","NS","NS"
"NWT","WK",2020-09-14,"W",449033,4434358,"A","RW","WG","908","448","157","J","NS","NS","0","N","0","0","2","2","0","0","0","0","0","0","0","0","1","NS","NS","NS"
"NWT","WK",2020-09-14,"W",449030,4434387,"A","YG","YG","406","449","180","A","NS","NS","0","N","1","1","2","2","0","0","0","1","0","0","0","0","1","NS","NS","NS"
