"deployment_id","true_file_name","years_insitu","site","date_placed","date_pulled","easting","northing","depth","notes"
"2008-2009-A","A_2009.txt","2008-2009","ML","2008-09-26 08:30","2009-09-26 09:10","449407","4437884","Std","0.5 m W of haypile; ear tags may be GR/YG as recorded in ""Pikas_sampled_CO_2008.xls""."
"2008-2009-I","I_2010.txt","2008-2009","WK","2008-09-30 12:00","2009-09-17 14:00","449091","4434886","Std","90 deg, 1 m to Halfpenny trap.Sensor I was not found in 2009 but in 2010; data were trimmed for analysis. File called I_2010. Ashley Whipple estimated DatePulled and TimePulled"
"2008-2009-J","J_2009.txt","2008-2009","WK","2008-09-30 11:00","2009-09-17 13:00","449098","4434478","Std","135 deg, 2 m from (fresh) hay in rock shelter.at snow pole and shelter; 487 in yellow GPS. Ashley Whipple estimated TimePulled"
"2008-2009-K","K_2009.txt","2008-2009","WK","2008-09-30 10:00","2009-09-17 08:00","449382","4434089","Std","0.5 m NE of (fresh) haypile; permanent snow pole at 282 deg, 10 m; WX/XX has damaged L eye.Ashley Whipple estimated TimePulled"
"2008-2009-O","O_2009.txt","2008-2009","ML","2008-09-26 09:00","2009-09-26 10:10","449376","4437905","Std","0.2 m W of (fresh) haypile."
"2008-2009-X","X_2009.txt","2008-2009","LL","2008-10-10 11:00","2009-09-15 10:00","449934","4435473","Std","354.5 deg, ~100 m to Krear platform; 47 deg, 15 m to Krear marker (stick).50 deg 15 m to Krear stick. Ashley Whipple estimated TimePulled"
"2008-2009-Y","Y_2009.txt","2008-2009","LL","2008-10-10 10:00","2009-09-15 10:00","449914","4435561","Std","70 deg 30 m to Krear platform; in center of hay complex.Ashley Whipple estimated TimePulled"
"2009-2010-1056608","SDL11talusshallow_1056608.csv","2009-2010","WK ","2009-08-13 17:00","2010-10-15 10:00","449399","4434135","Std","near sdl 11, deep is 57 cm below surface.LTER_PE,LTER_PD. Ashley estimated TimePlaced, DatePulled, and TimePulled"
"2009-2010-1056609","sdl51talusshallow_1056609.csv","2009-2010","WK","2009-08-13 17:00","2010-10-15 11:00","449443","4434339","Std","near sdl 61, deep is 75 cm below surface.LTER_PL,LTER_PM. Ashley estimated TimePlaced, DatePulled, and TimePulled"
"2009-2010-1056611","eastknollshelterdeep_1056611.csv","2009-2010","EK","2009-08-13 12:00","2010-10-15 12:00","450079","4434232","Deep","elev 11688 m.LTER_P. Ashley estimated TimePlaced, DatePulled, and TimePulled"
"2009-2010-1058326","sdl11talusdeep_1058326.csv","2009-2010","WK ","2009-08-13 13:00","2010-10-15 09:00","449399","4434135","Deep","elev 11716 m.LTER_P5/4. Ashley estimated TimePlaced, DatePulled, and TimePulled"
"2009-2010-1058328","sdl41talusdeep_1058328.csv","2009-2010","WK ","2009-08-13 13:00","2010-10-15 10:00","TBD","TBD","Deep","elev 11687 m.LTER_P7/6. Ashley estimated TimePlaced, DatePulled, and TimePulled. No easting or northing information available, Chris needs to check other sources for this information."
"2009-2010-1058328-WK-N","westknollnorthdeep_1058328.csv","2009-2010","WK ","2009-08-13 12:00","2010-10-15 11:00","449135","4434532","Deep","in saddle snow grid at point 41. Ashley estimated TimePlaced, DatePulled, and TimePulled"
"2009-2010-1058334","eastknollsheltershallow_1058334.csv","2009-2010","EK","2009-08-13 17:00","2010-10-15 12:00","450079","4434232","Std","east knoll, 15 m west of rock shelter, 80 cm SW of pole, deep is 40 cm below surface.LTER_PN,LTER_PO. Ashley estimated TimePlaced, DatePulled, and TimePulled"
"2009-2010-1058335","sdl1talusdeep_1058335.csv","2009-2010","WK ","2009-08-13 14:00","2010-10-15 09:00","449379","4434086","Deep","elev 11711 m.LTER_P. Ashley estimated TimePlaced, DatePulled, and TimePulled"
"2009-2010-1058337","westknollmiddeep_1058337.csv","2009-2010","WK ","2009-08-13 16:00","2010-10-15 11:00","449099","4434475","Deep","elev 11728 m.LTER_P1. Ashley estimated TimePlaced, DatePulled, and TimePulled"
"2009-2010-1058341","sdl41talusshallow_1058341.csv","2009-2010","WK","2009-08-13 16:00","2010-10-15 10:00","449443","4434301","Std","between sdl 51 and 61, about 20m from 51, deep is 85 cm below surface.LTER_PI,LTER_PH. Ashley estimated TimePlaced, DatePulled, and TimePulled"
"2009-2010-941247","westknollsouthdeep_941247.csv","2009-2010","WK ","2009-08-13 12:00","2010-10-15 12:00","449060","4434434","Deep","elev 11756 m.LTER_P3/2"
"2009-2010-941249","sdl51talusdeep_941249.csv","2009-2010","WK","2009-08-13 13:00","2010-10-15 11:00","449443","4434339","Deep","elev 11697 m.LTER_P. Ashley estimated TimePlaced, DatePulled, and TimePulled"
"2009-2010-941250","eastknollnorthdeep_941250.csv","2009-2010","EK","2009-08-13 13:00","2010-10-15 12:00","449935","4434096","Deep","elev 11620 m.LTER_P. Serial # in file is 914250. Ashley estimated TimePlaced, DatePulled, and TimePulled"
"2009-2010-941253","westknollnorthshallow_941253.csv","2009-2010","WK ","2009-08-13 13:00","2010-10-15 11:00","449135","4434532","Std","North side of west knoll, north east most location, 60-80 m NE of previous loaction, 80 cm N of pole, deep is 70 cm below surface.LTER_PG,LTER_PF. Ashley estimated TimePlaced, DatePulled, and TimePulled"
"2009-2010-941255","westknollsouthshallow_941255.csv","2009-2010","WK ","2009-08-13 14:00","2010-10-15 11:00","449060","4434434","Std","North side of west knoll, south west most location, 50 cm east of pole, deep is 51 cm below surface.LTER_PC,LTER_PB. Ashley estimated TimePlaced, DatePulled, and TimePulled"
"2009-2010-941256","eastknollnorthshallow_941256.csv","2009-2010","EK","2009-08-13 17:00","2010-10-15 10:00","449935","4434096","Std","east knoll, 30 m west of sdl 40A, 40 cm WNW of pole, deep is 62 cm below surface.LTER_PP,LTER_PQ. Ashley estimated TimePlaced, DatePulled, and TimePulled"
"2009-2010-A","A_2010.txt","2009-2010","ML","2009-10-18 12:00","2010-10-16 11:30","449773","4438054","Std","at urine station near pointed rock; pointed rock at 1.75 m 230 deg.ASPECT 170, SLOPE 35. Txt file doesn’t start until 10/17/09. Ashley estimated DatePlaced and TimePlaced"
"2009-2010-AA","AA_2011.txt","2009-2010","WK","2009-09-17 11:00","2010-10-16 14:00","449382","4434089","Std","Left in talus from 2009 to 2011. Split file into two years. Ashley estimated DatePulled and TimePulled"
"2009-2010-AB","AB_2010.txt","2009-2010","ML","2009-09-26 10:20","2010-10-16 14:00","449376","4437905","Std","Ashley estimated DatePulled, and TimePulled"
"2009-2010-AE","AE_2010.txt","2009-2010","LL","2009-09-15 14:00","2010-10-15 14:45","449626","4435285","Std","top of huge talus slope W of Krear site; 20 deg slope aspect; center of G hay complex; just E of pointed-top, lichened rock ~1 m in longest axis.ASPECT 20, SLOPE 32; PULLED. Ashley estimated TimePlaced"
"2009-2010-AF","AF_2010.txt","2009-2010","LL","2009-09-15 15:00","2010-09-11 06:00","449492","4435372","Std","bottom(?) of huge talus slope W of Krear site; center of G hay complex; ""finally our tagged one died""; this pika crops grass closely all around hay site.ASPECT 15, SLOPE 25; PULLED. Ashley estimated TimePlaced. Ashley estimated DatePulled and TimePulled b/c sensor was recording a temperature of -92.49°F  randomly after this date. Original DatePulled (10/15/2010), original TimePulled (14:00)"
"2009-2010-AG","AG_2010.txt","2009-2010","LL","2009-09-15 14:00","2010-10-15 11:50","449914","4435560","Std","large pile; previuos owner survived until summer 2009; 140 deg 49 m to Krear's auxiliary platform (aux is uphill of main platform).ASPECT 290, SLOPE 18; PULLED. Ashley estimated TimePlaced"
"2009-2010-AJ","AJ_2010.txt","2009-2010","WK ","2009-09-17 15:00","2010-10-15 12:00","449099","4434475","Std","North side of west knoll, middle location, about 50m NE of previous loaction, just south of rock shelter, 25 cm SE of pole, deep is 33 cm below surface; paired my sensor w/an LTER pendant here bc Kurt ran out of extra pendants.Ashley estimated TimePulled"
"2009-2010-AK","AK_2010.txt","2009-2010","WK","2009-09-17 13:00","2010-10-15 17:45","449252","4434150","Std","Dearing tag 63 is 4 m N; 270 deg 50 cm fr cairn on main hay rock; from notes nearby in notebook this must be on the S side of the knoll near the main marmot den."
"2009-2010-G","G_2010.txt","2009-2010","ML","2009-09-26 12:00","2010-10-16 11:24","449793","4438056","Std","under sheltered cairn; large pointed rock at 230 deg 3.5 m.ASPECT 165, SLOPE 30. Ashley estimated TimePlaced"
"2009-2010-I","I_2010.txt","2009-2010","WK","2009-09-17 14:00","2009-12-19 14:00","449091","4434886","Std","90 deg, 1 m to Halfpenny trap.Ashley Whipple estimated DatePlace, TimePlaced, DatePulled, and TimePulled."
"2009-2010-J","J_2010.txt","2009-2010","ML","2009-09-26 12:30","2010-10-15 18:00","449305","4434187","Std","310 deg 65 cm fr cairn; cairn just W of thistles growing in talus; probably just above mud lick on N shore of Mitchell Lake."
"2009-2010-K","K_2010.txt","2009-2010","ML","2009-09-26 12:30","2010-10-15 18:10","449289","4434174","Deep","310 deg 65 cm fr cairn; cairn just W of thistles growing in talus; probably just above mud lick on N shore of Mitchell Lake."
"2009-2010-O","O_2010.txt","2009-2010","ML","2009-09-26 12:00","2010-10-16 11:50","449786","4438078","Std","under cairn, approaching E end of ML site.ASPECT 165, SLOPE 30. Ashley estimated TimePlaced"
"2009-2010-S","S_2011.txt","2009-2010","LL","2009-09-15 14:00","2010-10-16 16:00","449889","4435471","Std","20 deg 110 m to Krear's main platform.Retrieved in 2011. Ashley estimated TimePlaced, DatePulled, and TimePulled"
"2009-2010-V","V_2010.txt","2009-2010","LL","2009-09-15 14:00","2010-08-05 02:00","449935","4435473","Std","medium hay nearby; 50 deg 15 m to Krear stick.ASPECT 325, SLOPE 23; PULLED FROM HERE AND MOVED TO WEST KNOLL. Ashley estimated TimePlaced. Ashley also estimated DatePulled, and TimePulled to trim data before the true pulled date and time b/c the sensor was logging a temperature of -92.49°F randomly after this date. Original DatePulled: 10/15/2010, original TimePulled 13:00"
"2009-2010-X","X_2010.txt","2009-2010","ML","2009-09-26 10:00","2010-10-16 16:00","449407","4437883","Deep","X ~50 cm below XK.ASPECT 190, SLOPE 10; PULLED"
"2009-2010-XI","XI_2010.txt","2009-2010","LL","2009-09-15 10:00","2010-10-15 12:30","449880","4435497","Std","Krear post; 60 deg 70 m fr aux platform.ASPECT 315, SLOPE 33; PLACED AGAIN IN SAME POSITION. Ashley estimated TimePlaced"
"2009-2010-XK","XK_2010.txt","2009-2010","ML","2009-09-26 10:00","2010-10-16 15:45","449407","4437883","Std","XK in same position as A last year.ASPECT 190, SLOPE 10; NOT PULLED"
"2009-2010-Y","Y_2010.txt","2009-2010","ML","2009-09-26 10:50","2010-10-16 13:00","449300","4437833","Std","90 deg 70 cm fr cairn; near illegal shelter, probably just E of it judging by surrounding notes.I have these data in the little Sensors 2010 notebook. Ashley estimated DatePulled and TimePulled"
"2010-2011-941250","LTER_PP_941250.csv","2010-2011","WK","2010-10-15 14:00","2011-07-20 08:00","449935","4434096","Deep","this sensor was at a snow pole in the deeper position; I pulled this one because it was not working; I did not replace it; it appeared to be in water every year. Ashley found file in 2013-HOBO-readouts. The file contains 2010-2011 data"
"2010-2011-AA","AA_2011.txt","2010-2011","WK","2010-10-16 14:00","2011-07-03 10:00","449382","4434089","Std","Left in talus from 2009 to 2011. Split file into two years. Ashley estimated DatePlaced, TimePlaced, DatePulled and TimePulled."
"2010-2011-AB","AB_2011.txt","2010-2011","ML","2010-10-16 16:05","2011-08-08 12:00","449379","4437903","Std","ASPECT 145, SLOPE 13; SAME POSITION AS 2009; PHOTO"
"2010-2011-AF","AF_2011.txt","2010-2011","WK","2010-10-15 16:25","2011-07-27 10:00","449128","4434403.5","Std","at hay & cairn.ASPECT 360, SLOPE 10. Ashley estimated TimePulled"
"2010-2011-AG","AG_2011.txt","2010-2011","LL","2010-10-15 14:00","2011-08-02 12:50","449887","4435515","Std","ASPECT 285, SLOPE 33"
"2010-2011-AH","AH_2011.txt","2010-2011","LL","2010-10-15 11:00","2011-08-02 13:00","450081","4435669","Std","ASPECT 285DEG, SLOPE 30DEG (THIS IS THE ONLY YEAR I'VE TAKEN ASPECT AND SLOPE DATA)"
"2010-2011-AK","AK_2011.txt","2010-2011","WK","2010-10-15 18:00","2011-07-28 14:00","449252","4434450","Std","at hay & cairn; 180 deg 2.5 m fr cairn.ASPECT 135, SLOPE 12; REPOSITIONED W/IN SAME TERRITORY. Ashley estimated DatePulled and TimePulled"
"2010-2011-D","D_2011.txt","2010-2011","WK","2010-10-15 17:30","2011-07-28 08:00","449235","4434202","Std","at hay & cairn.ASPECT 140, SLOPE 14; PHOTO; PLACED IN SAME POSITION. Ashley estimated DatePulled and TimePulled"
"2010-2011-E","E_2011.txt","2010-2011","LL","2010-10-15 11:30","2011-08-02 13:00","449988","4435659","Std","Ashley estimated DatePulled and TimePulled"
"2010-2011-G","G_2011.txt","2010-2011","ML","2010-10-16 15:25","2011-08-08 10:40","449463","4437862","Std","ASPECT 165, SLOPE 34"
"2010-2011-H","H_2011.txt","2010-2011","LL","2010-10-15 11:20","2011-08-02 13:00","450037","4435635","Std","ASPECT 300, SLOPE 30"
"2010-2011-I","I_2011.txt","2010-2011","ML","2010-10-16 15:05","2011-08-08 09:30","449539","4437839","Std","ASPECT 200, SLOPE 1deg"
"2010-2011-J","J_2011.txt","2010-2011","WK","2010-10-15 18:00","2011-07-28 08:00","449305","4434187","Std","at hay & cairn; 55 deg 2 m fr cairn.ASPECT 120, SLOPE 10; PLACED IN SAME POSITION. Ashley estimated DatePulled and TimePulled"
"2010-2011-K","K_2011.txt","2010-2011","WK","2010-10-15 18:15","2011-07-28 08:00","449289","4434174","Std","under rock w/cairn.ASPECT 125, SLOPE 18. Ashley estimated DatePulled and TimePulled"
"2010-2011-LTER_PJ_1058335","Expt_LTER_PJ_1058335.csv","2010-2011","WK","2010-10-15 11:00","2011-07-20 09:00","449379","4434086","Deep","this sensor was/is at a snow pole in the deeper position. File not in 2013-HOBO-readouts. Ask Chris to find"
"2010-2011-LTER_PK_1058321","LTER_PK_1058321_2010-2013_missingSome2013.csv","2010-2011","WK","2010-10-15 12:00","2011-07-20 09:00","449379","4434086","Std","data from 2010-2013 read out in 2013--no other record--some 2013 data missing.This sensor was in situ 2010-2013; was at a snow pole in the surface position. Ashley estimated DatePlaced, TimePlaced, DatePulled, TimePulled"
"2010-2011-LTER_PN_1056611","LTER_PN_1056611_2010-2013_missingSome2013.csv","2010-2011","WK","2010-10-15 14:00","2011-07-20 08:00","450079","4434232","Deep","This sensor was in situ 2010-2013; was at a snow pole in the surface position. Ashley estimated DatePlaced, TimePlaced, DatePulled, TimePulled"
"2010-2011-LTER_PQ_941256","LTER_PQ_941256_2010-2013_missingSome2013.csv","2010-2011","WK","2010-10-15 14:00","2011-07-20 08:00","449935","4434096","Std","This sensor was in situ 2010-2013; was at a snow pole in the surface position. Ashley estimated DatePlaced, TimePlaced, DatePulled, TimePulled"
"2010-2011-LTER-P4-PD-1056608","LTER_P4_1056608_2011-2012.csv","2010-2011","WK","2010-10-15 12:00","2011-07-20 09:00","449443","4434301","Std","Ashley estimated DatePulled and TimePulled. Ashley estimated DatePlaced and TimePlaced b/c csv file has data starting in 2010"
"2010-2011-LTER-P5-PE-1058326","LTER_P5_1058326_2011-2012.csv","2010-2011","WK","2010-10-15 11:00","2011-07-20 09:00","449443","4434301","Deep","Ashley estimated DatePulled and TimePulled. Ashley estimated DatePlaced and TimePlaced b/c csv file has data starting in 2010"
"2010-2011-LTER-PL-941249","LTER_PL_941249_2010-2013_missingSome2013.csv","2010-2011","WK","2010-10-15 12:00","2011-07-20 10:00","449443","4434339","TBD","data from 2010-2013 read out in 2013--no other record--some 2013 data missing.Sensor insitu 2010-2013. Stopped recording data in jan 2013"
"2010-2011-LTER-PO-1058334","LTER_PO_1058334_2010-2013_missingSome2013.csv","2010-2011","WK","2010-10-15 14:00","2011-07-20 08:00","450079","4434232","Std","data from 2010-2013 read out in 2013--no other record--some 2013 data missing.this sensor was/is at a snow pole in the surface position.Sensor insitu 2010-2013. Stopped recording data in jan 2013. Ashley estimated DatePlaced TimePLaced, DatePulled, TimePulled"
"2010-2011-O","O_2011.txt","2010-2011","ML","2010-10-16 16:34","2011-08-06 13:40","449286","4437856","Std","ASPECT 205, SLOPE 10; PHOTO-CENTER"
"2010-2011-S","S_2011.txt","2010-2011","LL","2010-10-16 16:00","2011-07-03 10:00","TBD","TBD","Std","Placed in 2009, found in 2011. Ashley estimated DatePlace, TimePlaced, DatePulled, TimePulled. Ashley: original placed coords (449889,4435471), original pulled coords (450083,4435669); too inaccurate to average so changed to TBD for chris to evaluate"
"2010-2011-V","V_2011.txt","2010-2011","WK","2010-10-15 16:55","2011-07-28 11:00","449211","4434222","Std","ASPECT 115, SLOPE 8; 20deg 2.5m fr cairn; 30deg 25m fr shelter. Ashley estimated DatePulled and TimePulled"
"2010-2011-X","X_2011.txt","2010-2011","ML","2010-10-16 17:15","2011-08-06 10:50","449015","4437829","Std","ASPECT 175, SLOPE 17; PHOTO-CENTER"
"2010-2011-XI","XI_2011.txt","2010-2011","LL","2010-10-15 13:00","2011-08-02 12:40","449880","4435497","Std","ASPECT 315, SLOPE 33; KREAR TEMPERATURE STATION"
"2010-2011-XK","XK_2011.txt","2010-2011","ML","2010-10-16 15:45","2011-08-08 11:15","449407","4437882","Std","at hay & cairn.ASPECT 190, SLOPE 10; SAME POSITION AS 2009; PHOTO"
"2010-2011-Y","Y_2011.txt","2010-2011","ML","2010-10-16 16:45","2011-08-06 13:45","449300","4437833","Std","ASPECT 180, SLOPE 8; SAME POSITION AS 2009; PHOTO-CENTER"
"2011-2012-A","A_2012.txt","2011-2012","ML","2011-08-30 08:00","2012-10-13 09:30","449405","4437882","Std","south side of largest rock.this pika did duet w/unseen male. Temp sensor didn't start recording data until 8/28/2011 so Ashley estimated DatePlaced and TimePlaced to reflect this. Original DatePlaced was 8/15/2011."
"2011-2012-AA","AA_2012.txt","2011-2012","WK","2011-08-21 10:45","2012-10-08 11:00","449102","4434435","TBD",""
"2011-2012-AB","AB_2012.txt","2011-2012","ML","2011-09-15 15:00","2012-10-18 13:00","449301","4437836","Std","in trad HOBO location within trad hay complex under 20-inch wide flat dark-rust rock."
"2011-2012-AF","AF_2012.csv","2011-2012","WK","2011-08-23 11:19","2012-09-24 09:30","449231","4434286","TBD",""
"2011-2012-AG","AG_2012.txt","2011-2012","LL","2011-09-20 18:00","2012-10-10 14:00","449881","4435496","Deep","2 m underneath Krear post.Ashley estimated DatePulled and TimePulled"
"2011-2012-AH","AH_2012.txt","2011-2012","LL","2011-09-21 17:00","2012-10-10 10:00","450137","4435696","Std","upper RHS of talus patch along Niwot Cutoff trail on west side of trad hay rock that is white with black inclusions and split in half horizontally.Ashley estimated DatePulled and TimePulled"
"2011-2012-AJ","AJ_2012.txt","2011-2012","WK","2011-08-20 10:30","2012-10-08 11:40","449099","4434475","TBD","Shelter."
"2011-2012-AK","AK_2012.txt","2011-2012","WK","2011-08-22 10:52","2012-10-08 11:20","449098.5","4434448","TBD",""
"2011-2012-D","D_2012.txt","2011-2012","WK","2011-08-24 11:28","2012-10-08 13:40","449291","4434281","TBD",""
"2011-2012-E","E_2012.txt","2011-2012","LL","2011-09-20 18:00","2012-10-12 13:30","449895","4435523","Std","in trad haypile."
"2011-2012-G","G_2012.txt","2011-2012","ML","2011-09-15 16:00","2012-10-18 12:21","449476","4437828","Std","on east side of haypile on the western edge of the flat talus field."
"2011-2012-H","H_2012.txt","2011-2012","LL","2011-09-20 18:00","2012-10-12 12:00","449966","4435639","Std","1 m east of ""trad haypile near small conifer""."
"2011-2012-I","I_2012.txt","2011-2012","ML","2011-09-15 15:30","2012-10-13 14:15","448986.5","4437847","Std","wedged between rocks in an upward-slanting crack (only moved a few meters upslope from Gerardo's location).We tagged one here in Aug 2012, suggesting the previous owner died"
"2011-2012-J","J_2012.txt","2011-2012","WK","2011-08-19 10:19","2012-10-08 12:20","449126","4434542.5","Std","By Alabama look alike Rock!."
"2011-2012-K","K_2012.txt","2011-2012","WK","2011-08-26 11:51","2012-09-24 08:30","449294","4434150","Std","by long Rock.Re-placed in same position as 2011 (2011 coords must have been poor)"
"2011-2012-LTER_PJ_1058335","Expt_LTER_PJ_1058335.csv","2011-2012","WK","2011-10-10 16:00","2012-10-10 15:00","449379","4434086","Deep","this sensor was/is at a snow pole in the deeper position. File not in 2013-HOBO-readouts. Ask Chris to find"
"2011-2012-LTER_PK_1058321","LTER_PK_1058321_2010-2013_missingSome2013.csv","2011-2012","WK","2011-10-15 12:00","2012-10-10 13:00","449379","4434086","Std","data from 2010-2013 read out in 2013--no other record--some 2013 data missing.This sensor was in situ 2010-2013, but only recorded through late Jan 2013; was at a snow pole in the surface position. Ashley estimated DatePlaced, TimePlaced, DatePulled, TimePulled"
"2011-2012-LTER_PN_1056611","LTER_PN_1056611_2010-2013_missingSome2013.csv","2011-2012","WK","2011-10-15 14:00","2012-10-10 13:00","450079","4434232","Deep","This sensor was in situ 2010-2013, but only recorded through late Jan 2013; was at a snow pole in the deeper position. Ashley estimated DatePlaced, TimePlaced, DatePulled, TimePulled"
"2011-2012-LTER_PQ_941256","LTER_PQ_941256_2010-2013_missingSome2013.csv","2011-2012","WK","2011-10-15 14:00","2012-10-10 13:00","449935","4434096","Std","This sensor was in situ 2010-2013, but only recorded through late Jan 2013; was at a snow pole in the surface position. Ashley estimated DatePlaced, TimePlaced, DatePulled, TimePulled"
"2011-2012-LTER-P1-PA-1058337","LTER_P1_1058337_2012_deep_shelter.csv","2011-2012","WK","2011-08-19 12:00","2012-07-06 14:00","449099","4434476","TBD","No snow at pole today. Ashley estimated DatePlaced and TimePlaced. Files ends 7/6/2012 so Ashley updated DatePulled and TimePulled. Orginal DatePulled (10/8/2012), Original TimePulled (11:40)"
"2011-2012-LTER-P2-PB-941255","LTER_P2_941255.csv","2011-2012","WK","2011-09-02 08:00","2012-10-08 13:00","449061.5","4434435","Std","No snow at pole today. Ashley estimated DatePlaced and TimePlaced."
"2011-2012-LTER-P3-PC-941247","LTER_P3_941247.csv","2011-2012","WK","2011-09-02 08:00","2012-10-08 13:00","449061.5","4434435","Deep","No snow at pole today. Ashley estimated DatePlaced and TimePlaced."
"2011-2012-LTER-P4-PD-1056608","LTER_P4_1056608_2011-2012.csv","2011-2012","WK","2011-10-15 12:00","2012-10-08 13:00","449443","4434301","Std","Ashley estimated DatePulled and TimePulled. Ashley estimated DatePlaced and TimePlaced b/c csv file has data starting in 2010"
"2011-2012-LTER-P5-PE-1058326","LTER_P5_1058326_2011-2012.csv","2011-2012","WK","2011-10-15 11:00","2012-10-08 13:00","449443","4434301","Deep","Ashley estimated DatePulled and TimePulled. Ashley estimated DatePlaced and TimePlaced b/c csv file has data starting in 2010"
"2011-2012-LTER-P6-PF-941253","LTER_P6_941253_2012.csv","2011-2012","WK","2011-09-02 08:00","2012-10-08 11:00","449127","4434543","Std","No snow at pole today. Ashley estimated DatePlaced and TimePlaced."
"2011-2012-LTER-P7-PG-1058328","LTER_P7_1058328_2012.csv","2011-2012","WK","2011-09-02 08:00","2012-10-08 11:00","449135","4434532","Deep","No snow at pole today. Ashley estimated DatePlaced, TimePlaced, and TimePulled."
"2011-2012-LTER-PL-941249","LTER_PL_941249_2010-2013_missingSome2013.csv","2011-2012","WK","2011-10-10 16:00","2012-10-10 16:00","449443","4434339","TBD","data from 2010-2013 read out in 2013--no other record--some 2013 data missing.Sensor insitu 2010-2013. Stopped recording data in jan 2013"
"2011-2012-LTER-PM-1056609","Expt_LTER_PM_1056609.csv","2011-2012","WK","2011-09-02 16:00","2012-10-10 16:00","449443","4434339","Std","data not found.this sensor was/is at a snow pole in the surface position; this is also a giant pika haypile. Not in 2013-HOBO-readouts. Ask Chris to find"
"2011-2012-LTER-PO-1058334","LTER_PO_1058334_2010-2013_missingSome2013.csv","2011-2012","WK","2011-10-10 16:00","2012-10-10 16:00","450079","4434232","Std","data from 2010-2013 read out in 2013--no other record--some 2013 data missing.this sensor was/is at a snow pole in the surface position.Sensor insitu 2010-2013. Stopped recording data in jan 2013. Ashley estimated DatePlaced TimePLaced, DatePulled, TimePulled"
"2011-2012-O","O_2012.txt","2011-2012","ML","2011-08-30 10:00","2012-10-13 09:45","TBD","TBD","Std","west side of fallen tree behind large white rock in ""nursery"" site.Nursery site; both tagged pikas survived. Ashley estimated DatePlace and TimePlaced. Ashley: original placed coords (449474, 4437892), original pulled coords (448928, 4437879); Coords to different to average changed to TBD to be reviewed by Chris"
"2011-2012-S","S_2012.txt","2011-2012","LL","2011-09-20 18:00","2012-10-10 10:00","450083","4435669","Std","in trad haypile (only moved a few feet from Gerardo's location).The tagged pika survived until July but hasn't been seen since. Ashley updated DatePulled and TimePulled to reflect when the final ended. Original DatePulled (10/12/12), DateTime (11:00)"
"2011-2012-V","V_2012.csv","2011-2012","WK","2011-08-25 11:42","2012-09-24 09:45","449307.5","4434189","Std","Triangular.tagged pika not seen here this yr"
"2011-2012-X","X_2012.txt","2011-2012","ML","2011-08-30 08:00","2012-10-13 09:00","449382","4437898","Std","west of iron rock near gray rock on flat rock by grass.Ashley estimated DatePlaced and TimePlaced"
"2011-2012-XI","XI_2012.txt","2011-2012","LL","2011-09-20 18:00","2012-10-10 13:00","449881","4435496","Std","at Krear post.XI was in the same position 2010-2011 so I used all the data--even before 9/20/2011. Ashley estimated DatePulled, TimePulled"
"2011-2012-XK","XK_2012.txt","2011-2012","ML","2011-08-30 11:00","2012-10-18 13:30","449215","4437881","Std","at trapping location in flat talus field south of illegal shelter.Ashley estimated TimePlaced"
"2011-2012-Y","Y_2012.txt","2011-2012","ML","2011-09-15 15:30","2012-09-30 22:00","448928","4437879","Std","on (in contact with) north side of large, flat-ish rock north of obvious hay rocks.From txt file: ""NOTE!!!  DATA GOOD THROUGH ABOUT SEP 2012 (SEE APRIL CRAIGHEAD NOTES?) BUT THIS SENSOR WAS IN MY GARAGE AFTER THAT  :)"". Ashley updated DatePulled and TimePulled b/c of this. Original DatePulled (10/13/2012), original TimePulled (14:20)."
"2011-2012-Z","Z_2012.csv","2011-2012","TBD","2011-09-01 08:00","2012-08-29 10:00","TBD","TBD","TBD","Ashley added all infromation here. Z was not in this spreadsheet but was in 2012-HOBO-readouts. Looks like good data. No easting, northing, or site name available, need Chris to check other sources"
"2012-2013-941249","_941249.csv","2012-2013","WK","2012-10-10 16:00","2013-01-28 01:00","449443","4434339","Deep","this sensor was/is at a snow pole in the deeper position; this is also a giant haypile. File found in 2014-HOBO-readouts folder. Ashley estimated DatePlaced, TimePlaced, DatePulled and TimePulled"
"2012-2013-A","ML_2013_A_trimmed.txt","2012-2013","ML","2012-10-18 15:00","2013-08-14 06:00","449287.5","4437853","Std","moved sensor to trad hay site above sensor AB where we tagged a pika in 2012; launched as a demo for the 3-5 class at Jamestown Elementary so maybe launched a bit off the hour?.Original DatePulled (10/1/2013), TimePulled (12:40); Ashley changed to reflect trimmed file dates and times"
"2012-2013-AA","WKN_2013_AA_trimmed.txt","2012-2013","WK","2012-10-08 13:20","2013-10-03 09:00","449014","4434389","Std","UA male observed here so sensor was pulled. Ashley estimated TimePulled"
"2012-2013-AB","ML_2013_AB_trimmed.txt","2012-2013","ML","2012-10-18 14:00","2013-09-14 12:00","449300.5","4437834.5","Std","trad location flat rust rock.Original DatePulled (9/30/2013), TimePulled (13:25); Ashley changed to reflect trimmed file dates"
"2012-2013-AF","WKS_2013_AF_trimmed.txt","2012-2013","WK","2012-09-24 10:45","2013-10-03 15:00","449292","4434232","Std","no notes here on pika survival but see other notebooks.BXBX seen. Ashley estimated TimePulled"
"2012-2013-AG","LL_2013_AG_trimmed.txt","2012-2013","LL","2012-10-10 14:00","2013-08-09 11:00","449881","4435496","Deep","Ashley estimated DatePulled and TimePulled"
"2012-2013-AH","LL_2013_AH_trimmed.txt","2012-2013","LL","2012-10-10 13:30","2013-09-06 11:00","450137","4435695","Std","on N side of large flatish rock N of obvious hay rocks.Original DatePulled (10/1/2013), Ashley changed to reflect trimmed file dates."
"2012-2013-AJ","LL_2013_AJ_trimmed.txt","2012-2013","LL","2012-10-10 14:00","2013-10-02 08:00","449878.5","4435632.5","Std","no notes here on pika 2011 survival but see other notebooks; pika tagged here in 2012; sensor placed on SSW side of black rock at bottom of lower Krear Slope.moved from black rock at bottom of slope to new hay rock 4 m upslope.Ashley estimated TimePlaced and TimePulled"
"2012-2013-AK","WKN_2013_AK_trimmed.txt","2012-2013","WK","2012-10-08 12:00","2013-10-03 09:00","449099","4434476","Std","this sensor was moved here in 2012 to the snow pole surface position at the shelter on the N slope to replace sensor AJ.this sensor was at a snow pole in the surface position; it was pulled. Ashley estimated TimePulled"
"2012-2013-D","WKS_2013_D_trimmed.txt","2012-2013","WK","2012-10-08 13:40","2013-08-04 09:00","449291","4434281","Std","a tagged pika was here in Aug 2012 but see notes to see if it was the surviving pika or newly tagged.RRRX seen eating lichen with medium haypile; sensor pulled for other reasons. DatePulled originally (10/3/2013), Ashley changed to reflect trimmed file"
"2012-2013-E","LL_2013_E_trimmed.txt","2012-2013","LL","2012-10-10 18:00","2013-08-06 09:00","449890","4435515","Std","this pika did a duet with unseen male; sensor not moved but new coords were taken; sensor at trad hay site.Ashley estimated DatePulled and TimePulled and TimePlaced"
"2012-2013-G","ML_2013_G_trimmed.txt","2012-2013","ML","2012-10-18 17:00","2013-08-14 06:00","449476.5","4437829","Std","E side of N edge flat talus; left in same position because a tagged pika was seen here in Aug 2012.no data on survival. Original DatePulled (10/1/2013), TimePulled (14:35); Ashley changed to reflect trimmed file"
"2012-2013-H","H_10182275.csv","2012-2013","LL","2012-10-10 13:00","2013-10-03 11:00","449952","4435603","Std","no fresh hay but a tagged pika seen here; sensor moved to 1m E of trad hay and conifer.Found in 2014-HOBO-readouts. Has 2012-2013 data. Ashley estimated DatePulled and TimePulled"
"2012-2013-I","ML_2013_I_trimmed.txt","2012-2013","ML","2012-10-18 19:00","2013-08-14 10:00","448983.5","4437847.5","Std","wedged in upward-slanting crack between downed trees.Original DatePulled (10/9/2013), TimePulled (11:50); Ashley changed to reflect trimmed file"
"2012-2013-J","WKN_2013_J_trimmed.txt","2012-2013","WK","2012-10-08 13:00","2013-08-04 08:00","449061.5","4434435","Std","sensor J was NOT FOUND in 2013. Ashley estimated DatePulled and TimePulled"
"2012-2013-K","WKS_2013_K_trimmed.txt","2012-2013","WK","2012-09-24 15:00","2013-10-03 08:00","449293.5","4434151.5","Std","no notes here on pika survival but see other notebooks.first I just saw U/U but later I also saw WGRG. Ashley estimated TimePlaced and TimePulled"
"2012-2013-LTER_P6_PF","LTER_P6_941253_2012-2013.csv","2012-2013","WK","2012-10-10 15:00","2013-10-03 14:00","449091","4434389","Std","there was a tagged pika at pt 452 earlier in summer 2012 - see other notes.U pika seen but haypile was giant where PF was retrieved; placed at XBGY - location of trap 23 at pyramid rock. Original DatePlaced (10/8/2012), TimePlaced (13:40); File didn’t start until 10/10/2012 so Ashley changed placed info to reflect this. Ashley estimated TimePulled"
"2012-2013-LTER_PJ_1058335","Expt_LTER_PJ_1058335.csv","2012-2013","WK","2012-10-10 15:00","2013-01-29 02:00","449379","4434086","Deep","this sensor was/is at a snow pole in the deeper position. File not in 2013-HOBO-readouts. Ask Chris to find"
"2012-2013-LTER_PK_1058321","LTER_PK_1058321_2010-2013_missingSome2013.csv","2012-2013","WK","2012-10-10 13:00","2013-01-28 00:00","449379","4434086","Std","This sensor was in situ 2010-2013, but only recorded through late Jan 2013; was at a snow pole in the surface position. Ashley estimated DatePlaced, TimePlaced, DatePulled, TimePulled"
"2012-2013-LTER_PN_1056611","LTER_PN_1056611_2010-2013_missingSome2013.csv","2012-2013","WK","2012-10-10 13:00","2013-01-28 00:00","450079","4434232","Deep","data from 2010-2013 read out in 2013--no other record--some 2013 data missing.This sensor was in situ 2010-2013, but only recorded through late Jan 2013; was at a snow pole in the deeper position. Ashley estimated DatePlaced, TimePlaced, DatePulled, TimePulled"
"2012-2013-LTER_PQ_941256","LTER_PQ_941256_2010-2013_missingSome2013.csv","2012-2013","WK","2012-10-10 13:00","2013-01-27 05:00","449935","4434096","Std","This sensor was in situ 2010-2013, but only recorded through late Jan 2013; was at a snow pole in the surface position. Ashley estimated DatePlaced, TimePlaced, DatePulled, TimePulled"
"2012-2013-LTER-P1-PA-1058337","LTER_P1_.csv","2012-2013","WK","2012-10-10 13:00","2013-10-10 07:00","449863","4435581","Std","at 2012 sensor placement site the tagged pika from 2011 was seen here during summer 2012.this sensor was retrieved in Oct 2014 but I split the data. File found in 2014-HOBO-readouts. Contains 2012-2014 data"
"2012-2013-LTER-P2-PB-941255","LTER_PB_P2_941255.csv","2012-2013","WK","2012-10-10 13:00","2013-10-03 13:00","449061.5","4434435","Std","this sensor was/is at a snow pole in the surface position.this sensor was at a snow pole in the surface position; it was pulled because it wasn't reading out in the field. Ashley estimated DatePlaced, TimePlaced, and TimePulled"
"2012-2013-LTER-P3-PC-941247","LTER_PC_P3_941247.csv","2012-2013","WK","2012-10-10 15:00","2013-10-03 13:00","449060","4434434","Deep","this sensor was/is at a snow pole in the deeper position.this sensor was at a snow pole in the deeper position. Ashley estimated DatePlace, TimePlaced, and TimePulled"
"2012-2013-LTER-P4-PD-1056608","LTER_P4_1056608_2012-2013.csv","2012-2013","WK","2012-10-10 13:00","2013-10-03 10:00","449443","4434301","Std","this sensor was/is at a snow pole in the surface position.this sensor was/is at a snow pole in the surface position. Ashley estimated DatePlace, TimePlaced, and TimePulled"
"2012-2013-LTER-P5-PE-1058326","LTER_P5_1058326_2012-2013.csv","2012-2013","WK","2012-10-10 15:00","2013-10-03 10:00","449443","4434301","Deep","this sensor was/is at a snow pole in the deeper position.this sensor was/is at a snow pole in the deeper position. Ashley estimated DatePlace, TimePlaced, and TimePulled"
"2012-2013-LTER-P8-PH-1058341","LTER_P8_1058341_2012-2013.csv","2012-2013","WK","2012-10-10 16:00","2013-10-03 17:00","449399","4434135","Std","this sensor was/is at a snow pole in the surface position.this sensor was/is at a snow pole in the surface position. Ashley estimated DatePlace, TimePlaced, and TimePulled. On 8/15/2013 10:00 temp = 89.49°C, and on 8/15/2013 11:00 temp = 58.63°C; Ashley deleted these out to reduce confusion"
"2012-2013-LTER-P9-PI-1058329","LTER_P9_1058329_2012-2013.csv","2012-2013","WK","2012-10-10 16:00","2013-10-03 17:00","449399","4434135","Deep","this sensor was/is at a snow pole in the deeper position.this sensor was/is at a snow pole in the deeper position. Ashley estimated DatePlace, TimePlaced, and TimePulled"
"2012-2013-LTER-PL-941249","LTER_PL_941249_2010-2013_missingSome2013.csv","2012-2013","WK","2012-10-10 16:00","2013-01-28 01:00","449443","4434339","TBD","data from 2010-2013 read out in 2013--no other record--some 2013 data missing.Sensor insitu 2010-2013. Stopped recording data in jan 2013"
"2012-2013-LTER-PM-1056609","Expt_LTER_PM_1056609.csv","2012-2013","WK","2012-10-10 16:00","2013-10-03 08:00","449443","4434339","Std","data not found.this sensor was/is at a snow pole in the surface position; this is also a giant pika haypile. Not in 2013-HOBO-readouts. Ask Chris to find"
"2012-2013-LTER-PO-1058334","LTER_PO_1058334_2010-2013_missingSome2013.csv","2012-2013","WK","2012-10-10 16:00","2013-01-28 03:00","450079","4434232","Std","data from 2010-2013 read out in 2013--no other record--some 2013 data missing.this sensor was/is at a snow pole in the surface position.Sensor insitu 2010-2013. Stopped recording data in jan 2013. Ashley estimated DatePlaced TimePLaced, DatePulled, TimePulled"
"2012-2013-O","ML_2013_O_trimmed.txt","2012-2013","ML","2012-10-18 13:15","2013-09-14 11:00","449491","4437841.5","Std","N/BW survived despite losing most of his right ear; moved hay to interior of slope; his female now near old large hay site.Ashley estimated DatePulled and TimePulled to reflect trimmed file"
"2012-2013-PG","WKS_2013_PG_trimmed.csv","2012-2013","WK","2012-09-24 08:55","2013-10-03 15:00","449267","4434161","Std","Ashley estimated TimePulled"
"2012-2013-PH","WKS_2013_PH_trimmed.csv","2012-2013","WK","2012-09-24 11:10","2013-10-03 11:00","449348","4434326","Std","YRXY has giant haypile this year. Ashley estimated TimePulled"
"2012-2013-PI-10182276-NOT LTER","I_10182276.csv","2012-2013","WK","2012-10-08 12:00","2013-10-03 11:00","449099","4434476","Deep","placed at 2011 location of sensor LTER_P1_1058337 (North side of west knoll, middle snow pole, just south of rock shelter, 25 cm SE of pole).this sensor was at a snow pole in the deeper position; it was pulled from there and placed in Goldilock's new territory under a cairn. Ashley estimated TimePulled"
"2012-2013-PN","PN_10182281_2014-readout2019.csv","2012-2013","WK","2012-10-08 13:00","2013-10-03 12:00","449080","4434441","Std","there was a tagged pika at pt 450 earlier in summer 2012 - see other notes.no notes but no check-mark indicating successful download-relaunch so maybe this sensor was not working upon 2013 readout. Not in 2013-HOBO-readouts but found in 2019 readouts. Ashley estimated TimePulled"
"2012-2013-S","LL_2013_S_trimmed.txt","2012-2013","LL","2012-10-10 11:45","2013-09-06 11:00","450063.5","4435666.5","Std","2011 pika seen tagged here in July 2012; sensor moved downhill a bit to trad hay site.Ashley estimated DatePulled and TimePulled"
"2012-2013-V","V_2013.txt","2012-2013","WK","2012-09-25 13:00","2013-10-03 13:00","449285","4434187","Std","no notes here on pika survival but see other notebooks.marmot den here; large haypile. Ashley estimated DatePlaced, TimePlaced, and TimePulled"
"2012-2013-X","ML_2013_X_trimmed.txt","2012-2013","ML","2012-10-13 10:00","2013-09-09 08:00","449381.5","4437898.5","Std","W side of iron rock.Ashley estimated DatePulled and TimePulled to reflect trimmed file"
"2012-2013-XK","ML_2013_XK_trimmed.txt","2012-2013","ML","2012-10-18 14:00","2013-09-14 12:00","449217","4437881","Std","S of illegal shelter at trap.Ashley estimated DatePulled and TimePulled to reflect trimmed file"
"2012-2014-PN","PN_10182281_2014-readout2020.csv","2012-2014","WK","2012-09-24 11:00","2014-01-30 03:00","449077","4434434","Std",""
"2013-2014-AG","AG_2014_readout2015.csv","2013-2014","LL","2013-08-09 12:30","2014-07-06 12:00","449879","4435497.5","Deep","Krear Post, deep position.Ashley estimated DatePlaced, DatePulled, and TimePulled"
"2013-2014-E","E_2014_readoutin2016.txt","2013-2014","LL","2013-08-09 12:30","2014-06-05 08:30","449908","4435564","Std","programmed on 8/9/13 to take data for only 300 days at 4-hr intervals.Ashley estimated DatePlaced, DatePulled and TimePulled"
"2013-2014-G","G_10182274_2014.csv","2013-2014","WK","2013-10-03 17:00","2014-09-11 09:00","449067","4434429","TBD","Replaced on 7/9/14 with sensor ""A"". Ashley estimated DatePlaced, TimePlaced, DatePulled, and TimePulled"
"2013-2014-LTER_P1_1058337","LTER_P1_edited.csv","2013-2014","LL","2013-10-10 07:00","2014-10-09 08:00","449865","4435577.5","TBD","this sensor was placed in this position Oct 2012 and data were separated by year. Ashley created ""LTER_P1_edited.csv"" to get rid of the temp recorded on 1/7/2014 of 131.92°C"
"2013-2014-LTER_P4_1056608","LTER_P4_1056608_2014.csv","2013-2014","WK","2013-10-03 14:00","2014-09-25 10:00","449443","4434301","Std","this sensor was/is at a snow pole in the surface position.snow pole on NE side of WK. Ashley estimated TimePlaced"
"2013-2014-LTER_P5_1058326","LTER_P5_1058326_2014.csv","2013-2014","WK","2013-10-03 12:00","2014-09-25 10:00","449443","4434301","Deep","this sensor was/is at a snow pole in the deeper position.snow pole on NE side of WK. Ashley estimated TimePlaced"
"2013-2014-LTER_P7_1058328","LTER_P7_1058328_2014.csv","2013-2014","WK","2013-10-03 15:00","2014-09-11 11:00","449135","4434532","Deep","this sensor was/is at a snow pole in the deeper position; large haypile here also.Ashley estimated TimePlaced"
"2013-2014-LTER_P8_1058341","LTER_P8_1058341_2014.csv","2013-2014","WK","2013-10-03 18:00","2014-08-23 23:00","449399","4434135","Std","this sensor was/is at a snow pole in the surface position.Ashley estimated TimePlaced, DatePulled, and TimePulled. After 8/23/2014 logger started randomly recording temperature above 100°F; Ashley trimmed data after this point to deal with issue"
"2013-2014-LTER_P9_1058329","LTER_P9_1058329_2014.csv","2013-2014","WK","2013-10-03 18:00","2014-09-25 10:00","449399","4434135","Deep","this sensor was/is at a snow pole in the deeper position.340 degrees, 1 m from snow pole. Ashley estimated TimePlaced"
"2013-2014-LTER_PJ_1058335","LTER_PJ_1058335_2014.csv","2013-2014","WK","2013-10-03 18:00","2014-09-25 10:00","449379","4434084","Deep","this sensor was/is at a snow pole in the deeper position.at snowpole. Ashley estimated TimePlaced"
"2013-2014-LTER_PK_1058321","LTER_PK_1058321_2014.csv","2013-2014","WK","2013-10-03 18:00","2014-09-25 10:00","449379","4434084","Std","this sensor was/is at a snow pole in the surface position.""will set up with students on 10/3/14"". Ashley estimated TimePlaced"
"2013-2014-LTER_PL_941249","LTER_PL_941249_2014.csv","2013-2014","WK","2013-10-03 11:00","2014-09-25 09:00","449443","4434339","Deep","this sensor was/is at a snow pole in the deeper position.Ashley estimated TimePlaced"
"2013-2014-LTER_PM_1056609","LTER_PM_1056609_2014.csv","2013-2014","WK","2013-10-03 16:00","2014-09-25 09:00","449443","4434339","Std","this sensor was/is at a snow pole in the surface position; this is also a giant pika haypile.Ashley estimated TimePlaced."
"2013-2014-LTER_PO_1058334","LTER_PO_1058334_2014.csv","2013-2014","WK","2013-10-03 15:00","2014-10-16 13:00","450079","4434232","Std","this sensor was/is at a snow pole in the surface position.Ashley estimated TimePlaced"
"2013-2014-LTER_PP_941250","LTER_PP_914250_Jimmy_2014.csv","2013-2014","WK","2013-11-03 11:00","2014-06-25 11:00","TBD","TBD","TBD","This sensor was part of Jimmy's project and was not in place a full year (recorded temperatures Nov-Jun). Ashley estimated DatePlaced, TimePlaced, DatePulled, and TimePulled. Ashley: no information about easting or northing, need Chris to check other sources."
"2013-2014-LTER_PQ_941256","LTER_PQ_941256_2014.csv","2013-2014","WK","2013-10-03 16:00","2014-10-16 13:00","449935","4434096","Std","this sensor was/is at a snow pole in the surface position.Ashley estimated TimePlaced"
"2013-2014-OL","OL_2014.txt","2013-2014","LL","2013-10-02 11:00","2014-10-01 14:00","449882","4435650.5","Std","part of Jimmy array. Haypile. Ashley estimated DatePulled and TimePulled"
"2013-2014-OM","OM_2014.txt","2013-2014","LL","2013-10-02 09:00","2014-10-09 07:40","449878","4435631","Std","rat den visible at 9889 5617 no hay. Ashley estimated DatePlaced and TimePlaced"
"2013-2014-OS","OS_2014.txt","2013-2014","LL","2013-10-02 09:00","2014-10-09 14:30","450137.5","4435695.5","Std",""
"2013-2014-OT","OT_2014.txt","2013-2014","LL","2013-10-01 09:00","2014-10-09 13:55","450136","4435679.5","Std",""
"2013-2014-OV","OV_2014.txt","2013-2014","LL","2013-08-09 14:00","2014-10-09 08:30","449842","4435588.5","Std","Ashley estimated DatePlaced"
"2013-2014-OX","OX_2014_readoutIn2015.txt","2013-2014","LL","2013-08-09 13:00","2014-10-09 10:20","449898.5","4435522","Std","Ashley estimated DatePlaced"
"2013-2014-OY","OY_2014.txt","2013-2014","LL","2013-10-01 10:00","2014-10-09 13:15","449994","4435642","Std",""
"2013-2014-PE_10182272","PE_10182272_2014.csv","2013-2014","ML","2013-10-01 13:25","2014-10-03 12:45","449407.5","4437883","Std",""
"2013-2014-PH","PH_10182275_2014.csv","2013-2014","WK","2013-10-03 17:00","2014-09-11 10:00","449348","4434326","Std","YRXY has giant haypile this year.Use to be called H. ""PH_10182275_2014"" the same sensor as 2012-2013 H. Ashley estimated TimePlaced"
"2013-2014-PI","PI_10182276_2014.csv","2013-2014","WK","2013-10-03 17:00","2014-09-11 10:00","449126","4434545","Deep","this sensor was at a snow pole in the deeper position; it was pulled from there and placed in Goldilock's new territory under a cairn.Ashley estimated TimePlaced"
"2013-2014-PL_10182279","LTER_PL_941249_2014.csv","2013-2014","WK","2013-10-03 11:00","2014-09-25 09:00","449290","4434275","Std","sensor still in situ? I may have mistaken this PL for the LTER_PL when recording the pull date; I cannot find a readout for 2014 except for the LTER_PL which was read out in the middle of winter 2013-2014. Ashley estimated TimePlaced, DatePulled, and TimePulled"
"2013-2014-PM","PM_10182280_2014.csv","2013-2014","ML","2013-09-30 12:00","2014-10-03 14:00","449300","4437833","Std","Ashley estimated DatePlace, TimePlaced, and TimePulled"
"2013-2014-PN","PN_10182281_2014-readout2019.csv","2013-2014","WK","2013-10-03 12:00","2014-01-30 03:00","449080","4434441","Std","there was a tagged pika at pt 450 earlier in summer 2012 - see other notes.no notes but no check-mark indicating successful download-relaunch so maybe this sensor was not working. Not in 2013-HOBO-readouts. Found in 2019 folder. Ashley estimated DatePlaced, TimePlaced, DatePulled, and TimePulled"
"2013-2014-PP","PP_10366896_2014.csv","2013-2014","ML","2013-10-01 12:40","2014-10-03 13:00","449287","4437855","Std","didn't check light before attempting to download. Not blinking after attempt"
"2013-2014-PQ","PQ_10366893_2014.csv","2013-2014","WK","2013-10-03 16:00","2014-09-11 11:40","449060","4434434","Std","this sensor is at a snow pole in the surface position; giant haypile here also.L hay all around sensors. Moved up. Ashley estimated TimePlaced"
"2013-2014-PR","PR_10361316_2014.csv","2013-2014","WK","2013-10-03 14:00","2014-09-11 11:40","449060","4434434","Deep","this sensor is at a snow pole in the deeper position; giant haypile here also.Ashley estimated TimePlaced"
"2013-2014-PS","PS_10366894_2014.csv","2013-2014","ML","2013-10-09 10:55","2014-09-22 09:00","449491","4437842","Std","N/BW survived the winter but not the summer"
"2013-2014-PT","PT_10361317_2014.csv","2013-2014","WK","2013-10-09 12:10","2014-07-27 14:00","448839","4437904","Std","200 degrees. 1m from cairn. we tagged a pika near here at point 122 on 9/18/14. pulled 7/28/14 after 13:00 from furthest 2013 trap position at Mitchell Lake - pulled early because I exposed it when setting a trap in same location - looks like deep snow covered sensor all winter until 7/23/14! Ashley estimated TimePulled"
"2013-2014-PU","PU_10361318_2014.csv","2013-2014","ML","2013-10-09 11:50","2014-09-22 10:00","448981","4437847.5","Std","tagged between downed trees.270 degrees 1.3 m from cairn; UA hayed to rock right under downed trees (lake side near sensor)"
"2013-2014-PV","PV_10366898_2014.csv","2013-2014","WK","2013-10-03 14:00","2014-09-11 11:40","449099","4434475","Std","this sensor is at a snow pole in the surface position; giant haypile here at shelter.this sensor is at a snow pole in the deeper position; giant haypile here at shelter. Ashley estimated TimePlaced"
"2013-2014-PW","PW_10366897_2014.csv","2013-2014","WK","2013-10-03 14:00","2014-09-11 11:40","449099","4434475","Deep","this sensor is at a snow pole in the deeper position; giant haypile here at shelter.this sensor is at a snow pole in the deeper position; giant haypile here at shelter. Ashley estimated TimePlaced"
"2013-2014-PY_10366895","PY_10366895.csv","2013-2014","WK","2013-10-03 16:00","2014-10-24 13:35","449248","4434273","Std","large haypile here.In-situ Oct 2013 to mid-Nov 2014 and then just in my house. Ashley estimated TimePlaced"
"2013-2014-XI","XI_2014_readout2015.txt","2013-2014","LL","2013-08-09 12:30","2014-07-06 10:00","449879","4435497.5","Std","Krear Post, deep position.Ashley estimated DatePlaced, DatePulled, and TimePulled"
"2013-2015-Long3-Aidan-relic","PAG_Long3_2015-readout2020-Aidan-relic.csv","2013-2015","LL","2013-12-01 18:00","2015-07-28 03:00","449990","4435647","Std","from Aidan project; found on 7/9/2020 hanging by wire very near surface in north-facing shade (sun never hit it judging by temperatures recorded)"
"2013-2015-PF","PF_10182273_2014-readout2020.csv","2013-2015","WK","2013-10-03 19:00","2015-03-07 13:00","449270","4434165","Std","pika XXRX nearby"
"2014-2015-FA","FA_2015-readout2020.csv","2014-2015","LL","2014-06-25 13:00","2015-07-14 08:30","449974","4435621","Std","from Aidan project; found on 8/30/2020; placement (in Otter Box) appeared to follow Ray protocol; RH data too"
"2014-2015-FB","FB_2015-readout2020.csv","2014-2015","LL","2014-06-25 13:00","2015-07-14 09:30","449974","4435621","Deep","from Aidan project; found on 8/30/2020; placement (in Otter Box) appeared to follow Ray protocol; RH data too"
"2014-2015-FF","FF_2015-readout2020.csv","2014-2015","WK","2014-06-25 14:00","2015-07-14 11:36","449318","4434080","Meadow","found in meadow under single rock; Airy has photos; pulled on 6/22/20; RH data too"
"2014-2015-FI","FI_2015-readout2020.csv","2014-2015","LL","2014-06-25 13:30","2015-07-14 10:30","449976","4435620","Std","RH data too; pika UA"
"2014-2015-FK","FK_2015-readout2020.csv","2014-2015","LL","2014-06-25 12:30","2015-07-14 10:30","449992","4435647","Std","from Aidan project; found on 8/30/2020; placement (in Otter Box) appeared to follow Ray protocol; RH data too"
"2016-2018-PAD","PAD_2018-readout2020.csv","2016-2018","WK","2016-11-05 16:00","2018-04-08 08:00","449291","4434285","Std",""
"2016-2018-PE","PE_10182272_2018-readout2020.csv","2016-2018","WK","2016-11-05 14:50","2018-04-07 22:00","449232","4434238","Std",""
"2016-2018-PG","PG_10182274_2018-readout2020.csv","2016-2018","WK","2016-10-22 18:00","2018-03-06 18:00","449080","4434425","Std","pika H/WW"
"2017-2019-LY","LY_2019-readout2020.csv","2017-2019","ML","2017-08-24 22:00","2019-10-08 01:00","449126","4437938","Std","stopped recording a few days before retrieval"
"2017-2020-PAZ-JLong4","PAZ_Jlong4_2017-2020.csv","2017-2020","WK","2017-09-23 12:00","2020-01-06 11:00","449323","4434273","Std","from Aidan project; found on 6/30/2020"
"2018-2019-2_4","#2-4_2019-TREE.csv","2018-2019","LL","2018-10-01 14:00","2019-10-15 11:30","449881","4435502","Tree","traditional position on N side of tree and with traditional shading by branches and perforated yogurt cup. Ashley estimated DatePlaced and TimePlaced"
"2018-2019-AF","AF_2019-Ashley.txt","2018-2019","GL5","2018-09-11 14:00","2019-08-13 10:00","446354","4433651","TBD","From Ashley's project. Ashley estimated TimePlaced and TimePulled"
"2018-2019-AJ","AJ_2019-Ashley.csv","2018-2019","GL1","2018-09-13 14:00","2019-08-27 12:00","448452","4433720","TBD","From Ashley's project. Ashley estimated TimePlaced and TimePulled"
"2018-2019-E","E_2019.txt","2018-2019","WK ","2018-10-01 14:00","2018-12-09 15:00","449318","4434239","Std","in situ 9/16/17 to 12/3/18. Included 10/2018-12/2018 in this year's data. Ashley estimated DatePlaced, TimePlaced, DatePulled, and TimePulled"
"2018-2019-FD","FD_2019.csv","2018-2019","ML","2018-10-04 14:00","2019-10-19 11:30","448932","4437886","Std","FD_2019-readout2020.csv also exists, containing the same data"
"2018-2019-K","K_2018_readout2019.txt","2018-2019","LL","2018-10-01 14:00","2018-12-03 00:00","449892","4435510","Std","in situ 9/10/17 to 12/3/18. Included 10/2018-12/2018 in this year's data. Ashley estimated DatePlaced, TimePlaced, DatePulled, and TimePulled"
"2018-2019-LE","LE_2019.txt","2018-2019","ML","2018-10-04 12:00","2019-10-19 10:10","449402","4437883","Std","LE_2019-readout2020.txt also exists, containing the same data"
"2018-2019-LO","LO_2019.txt","2018-2019","WK ","2018-10-01 14:00","2019-07-16 16:00","449094","4434477","Deep","at snow pole at shelter; intermediate position. Original DatePulled 10/17/10, original TimePUlled 17:46; Ashley changed to reflect file. Ashley estimated DatePlaced and TimePlaced"
"2018-2019-LTER P8/PH","LTER_P8_PH_1058341_2019.csv","2018-2019","WK","2018-10-01 14:00","2019-10-17 14:45","449380","4434083","Deep","deep at snow pole. Ashley estimated DatePlaced and TimePlaced"
"2018-2019-LTER PL","LTER_PL_941249_2019.csv","2018-2019","WK ","2018-10-01 14:00","2019-09-30 15:00","449318","4434088","Std","Original DatePulled 10/1/19, orginal TimePulled 17:00; Ashley changed to reflect file. Ashley estimated DatePlaced and TimePlaced"
"2018-2019-LTER PO","LTER_PO_1058334_2019.csv","2018-2019","WK","2018-10-01 14:00","2019-10-17 14:45","449380","4434083","Std","shallow at snow pole. Ashley estimated DatePlaced and TimePlaced"
"2018-2019-LY","LY_2019.csv","2018-2019","ML","2018-10-04 14:00","2019-10-08 01:00","449126","4437938","Std","Original DatePulled 10/19/2019, original TimePulled 11:05; Ashley changed to reflect file. Ashley estimated DatePlaced and TimePlaced"
"2018-2019-OG-deep","OG_2019.txt","2018-2019","LL","2018-10-01 14:00","2019-10-04 09:00","449880","4435498","Deep","Data represent 1st column (channel 1) of the raw file from the OG INternal sensor positioned low (deep) at the Krear post; original DatePulled 10/15/19, original TimePulled 11:07; Ashley changed to reflect file. Ashley estimated DatePlaced and TimePlaced"
"2018-2019-OG-shallow","OG_2019.txt","2018-2019","LL","2018-10-01 14:00","2019-10-04 09:00","449880","4435498","Std","Data represent 2nd column (channel 3) of the raw file from the OG EXternal sensor positioned high (shallow) at the Krear post; original DatePulled 10/15/19, original TimePulled 11:07; Ashley changed to reflect file. Ashley estimated DatePlaced and TimePlaced"
"2018-2019-OJ","OJ_2019.txt","2018-2019","LL","2018-10-01 14:00","2019-08-28 14:40","449920","4435578","Std","Ashley estimated DatePlaced and TimePlaced"
"2018-2019-OP","OP_2019.txt","2018-2019","ML","2018-10-04 12:00","2019-10-19 09:52","449475","4437848","Std","Original time pulled = 9:52 am but records end at 3:00 am; OP_2019-readout2020.txt also exists, containing the same data"
"2018-2019-OR","OR_2019.txt","2018-2019","ML","2018-10-04 12:00","2019-09-14 07:30","449284","4437869","Std","Ashley estimated DatePlaced and TimePlaced"
"2018-2019-OS","OS_2019.txt","2018-2019","WK ","2018-10-01 14:00","2019-03-26 14:00","449094","4434477","Std","at snow pole at shelter; shallow position. Original DatePulled 10/17/19, orginial TimePulled 17:46; Ashley changed to reflect file. Ashley estimated DatePlaced and TimePlaced"
"2018-2019-OX","OX_2019-readout2020.txt","2018-2019","ML","2018-10-04 12:00","2019-10-19 03:00","449471","4437834","Std","pika RWBG nearby; original time pulled = 9:37 am but records end at 3:00 am; OX_2019-readout2020.txt also exists, containing the same data"
"2018-2019-PAB","PAB_2019.csv","2018-2019","ML","2018-10-01 14:00","2019-01-24 20:00","449377","4437902","Tree","Tree. Original DatePulled 9/20/19, original TimePulled 11:40; Ashley changed to reflect file. Ashley estimated DatePlaced and TimePlaced"
"2018-2019-Q","Q_2019.txt","2018-2019","ML","2018-10-04 12:00","2019-09-13 15:00","449490","4437842","Std","Ashley estimated DatePlaced and TimePlaced"
"2018-2019-S","S_2019-Ashley.txt","2018-2019","GL1","2018-09-13 14:00","2019-08-27 12:00","448394","4433701","TBD","From Ashley's project. Ashley estimated TimePlaced and TimePulled"
"2018-2019-WK","WK_2019.txt","2018-2019","ML","2018-10-04 12:00","2019-09-14 09:00","449379","4437906","Std","Ashley estimated DatePlaced and TimePlaced"
"2018-2019-XC","XC_2019.txt","2018-2019","WK ","2018-10-01 14:00","2019-07-09 20:00","449223","4434157","Std","Original DatePulled 10/17/2019, original TimePulled 16:10; Ashley changed to reflect file. Ashley estimated DatePlaced TimePlaced"
"2018-2019-XD","XD_2019-readout2020.txt","2018-2019","ML","2018-10-04 14:00","2019-10-19 11:50","448783","4437897","Std","pika M/XX"
"2018-2019-XJ","XJ_2019-readout2020.txt","2018-2019","ML","2018-10-04 12:00","2019-10-19 09:20","449540","4437830","Std","XJ_2019-readout2020.txt also exists, containing the same data"
"2018-2019-Z","Z_2019-Ashley.txt","2018-2019","ML","2018-09-11 12:00","2019-08-27 10:00","446468","4433647","Std","Ashley estimated TimePlaced and TimePulled; see also notes on why this was pulled early in README-notes-4-archive.txt"
"2019-2019-OT","OT_2020-firstMonth.txt","2019-2019","WK","2019-08-21 15:00","2019-10-17 16:35","449239","4434200","Std","COMBINE THESE DATA WITH DATA FROM SENSOR ""XH"" BECAUSE OT WAS ACCIDENTALLY REPLACED BY XH IN 2019 AFTER JUST UNDER 2 MONTHS OF DATA COLLECTION; pika GGGG nearby"
"2019-2020-AA","AA_2020.txt","2019-2020","LL","2019-10-15 11:13","2020-08-30 08:25","449880","4435498","Std","Krear post, shallow position"
"2019-2020-AL","AL_2020.txt","2019-2020","ML","2019-09-20 11:30","2020-08-02 11:15","449377","4437902","Std","pika YYYG"
"2019-2020-E","E_2020.txt","2019-2020","LL","2019-10-15 12:00","2020-07-24 12:00","449916","4435561","Std",""
"2019-2020-K","K_2020.txt","2019-2020","WK","2019-08-21 12:47","2020-07-22 12:28","449315","4434238","Std","pika UA on 6/23/20"
"2019-2020-L","L_2020.txt","2019-2020","WK","2019-10-17 17:05","2020-09-13 14:55","449282","4434291","Std",""
"2019-2020-LL","LL_2020.txt","2019-2020","WK","2019-10-02 08:15","2020-07-22 13:50","449030","4434388","Std","pika UA"
"2019-2020-LTER_PL","LTER_PL_941249_2020.csv","2019-2020","LL","2019-10-15 11:30","2020-08-30 08:30","449881","4435502","Tree","tree at Krear post"
"2019-2020-M","M_2020.txt","2019-2020","WK","2019-08-21 14:23","2020-07-22 14:42","449245","4434294","Std","pika RYOG"
"2019-2020-O","O_2020.txt","2019-2020","WK","2019-10-17 15:55","2020-09-20 12:50","449250","4434148","Std","pika GYRR nearby"
"2019-2020-OA","OA_2020.txt","2019-2020","LL","2019-10-15 11:34","2020-08-30 08:55","449856","4435488","Std",""
"2019-2020-OAC","OAC_2020.txt","2019-2020","LL","2019-10-15 11:00","2020-07-24 10:00","450085","4435668","Std",""
"2019-2020-OB","OB_2020.txt","2019-2020","WK","2019-08-21 13:09","2020-07-22 12:41","449320","4434282","Std",""
"2019-2020-OE-Deep","OE_2020.txt","2019-2020","ML","2019-09-20 14:15","2020-07-28 07:52","448898","4437942","Deep","external sensor ""3"" was in Deep position"
"2019-2020-OE-Std","OE_2020.txt","2019-2020","ML","2019-09-20 14:15","2020-07-28 07:52","448898","4437942","Std","internal sensor ""1"" was in Std position"
"2019-2020-OM","OM_2020.txt","2019-2020","WK","2019-08-21 14:00","2020-05-03 09:00","449321","4434263","Std","altho my notes say OM was blinking upon retrieval on 9/13/20 at 13:15, the readout file stops on 5/3/20 at 9:00; pika YXXX"
"2019-2020-OR","OR_2020.txt","2019-2020","LL","2019-10-15 11:11","2020-08-30 08:25","449880","4435498","Deep","Krear post, deep position"
"2019-2020-OW","OW_330406_2020.csv","2019-2020","WK","2019-08-21 13:47","2020-09-20 13:30","449285","4434164","Std","RH data too; pika UA"
"2019-2020-Q","Q_2020.txt","2019-2020","LL","2019-10-15 13:00","2020-07-24 11:00","449988","4435656","Std",""
"2019-2020-WC","WC_2020.txt","2019-2020","WK","2019-10-02 08:15","2020-07-22 13:59","449018","4434386","Std","pika UAx2"
"2019-2020-WN","WN_2020.txt","2019-2020","LL","2019-10-15 13:00","2020-07-24 13:00","449831","4435598","Std",""
"2019-2020-XA","XA_2020.txt","2019-2020","ML","2019-09-20 12:00","2020-07-26 10:30","449304","4437892","Std",""
"2019-2020-XC","XC_2020.txt","2019-2020","ML","2019-10-19 10:05","2020-08-02 11:27","449417","4437877","Std","COMBINE THESE DATA WITH DATA FROM SENSOR ""Z"" WHICH WAS ACCIDENTALLY PULLED FROM THIS PLACEMENT IN 2019 AFTER JUST A MONTH OF DATA COLLECTION; pika HN/GR"
"2019-2020-XH","XH_2020.txt","2019-2020","WK","2019-10-17 16:35","2020-07-22 14:17","449239","4434200","Std","COMBINE THESE DATA WITH DATA FROM SENSOR ""OT"" WHICH WAS ACCIDENTALLY REPLACED BY XH IN 2019 AFTER JUST UNDER 2 MONTHS OF DATA COLLECTION; pika GGGG nearby"
"2019-2020-Z","Z_2020-firstMonth.txt","2019-2020","ML","2019-09-20 11:10","2019-10-19 10:00","449441","4437844","Std","COMBINE THESE DATA WITH DATA FROM SENSOR ""XC"" WHICH REPLACED Z IN 2019 AFTER JUST A MONTH OF DATA COLLECTION; pika HN/GR"
"PY_10366895_2018-readout2020.csv","PY_10366895_2017-readout2020.csv","2016-2018","WK","2016-11-05 16:00","2018-03-06 22:00","449288","4434189","Std","pika GYRR nearby"
