uin,incident_year,state,site_category,shark_common_name,shark_scientific_name,provoked_unprovoked,victim_activity
1,1791,NSW,coastal,white shark,Carcharodon carcharias ,unprovoked,swimming
2,1803,WA,coastal,tiger shark,Galeocerdo cuvier ,unprovoked,swimming
3,1807,NSW,estuary/harbour,bull shark,Carcharhinus leucas,unprovoked,swimming
4,1820,TAS,coastal,NA,NA,provoked,swimming
5,1825,NSW,estuary/harbour,bull shark,Carcharhinus leucas,unprovoked,swimming
6,1830,TAS,island open ocean,white shark,Carcharodon carcharias ,unprovoked,swimming
7,1832,NSW,estuary/harbour,bull shark,Carcharhinus leucas,provoked,swimming
8,1832,NSW,coastal,white shark,Carcharodon carcharias ,provoked,fishing
9,1836,SA,coastal,white shark,Carcharodon carcharias ,unprovoked,swimming
10,1836,QLD,coastal,whaler shark,Carcharhinidae,unprovoked,swimming
11,1836,QLD,coastal,whaler shark,Carcharhinidae,unprovoked,swimming
12,1837,NSW,river,bull shark,Carcharhinus leucas,unprovoked,swimming
13,1839,VIC,coastal,white shark,Carcharodon carcharias ,provoked,swimming
14,1840,NSW,estuary/harbour,bull shark,Carcharhinus leucas,unprovoked,swimming
15,1841,NSW,estuary/harbour,bull shark,Carcharhinus leucas,unprovoked,swimming
16,1847,QLD,coastal,bull shark,Carcharhinus leucas,unprovoked,swimming
17,1847,QLD,river,bull shark,Carcharhinus leucas,unprovoked,swimming
18,1849,WA,ocean/pelagic,white shark,Carcharodon carcharias ,provoked,swimming
19,1849,VIC,coastal,white shark,Carcharodon carcharias ,unprovoked,swimming
20,1849,NSW,estuary/harbour,bull shark,Carcharhinus leucas,unprovoked,swimming
21,1850,QLD,coastal,tiger shark,Galeocerdo cuvier ,unprovoked,swimming
22,1850,NSW,coastal,whaler shark,Carcharhinidae,unprovoked,swimming
23,1853,NSW,estuary/harbour,wobbegong,Orectolobidae,provoked,swimming
24,1855,QLD,river,bull shark,Carcharhinus leucas,unprovoked,swimming
25,1855,NSW,estuary/harbour,bull shark,Carcharhinus leucas,unprovoked,swimming
26,1855,QLD,island open ocean,tiger shark,Galeocerdo cuvier ,unprovoked,swimming
27,1855,NSW,estuary/harbour,bull shark,Carcharhinus leucas,unprovoked,swimming
28,1856,VIC,coastal,white shark,Carcharodon carcharias ,unprovoked,swimming
29,1856,SA,coastal,wobbegong,Orectolobidae,unprovoked,NA
30,1858,VIC,coastal,white shark,Carcharodon carcharias ,unprovoked,swimming
31,1860,SA,coastal,white shark,Carcharodon carcharias ,unprovoked,swimming
32,1861,QLD,coastal,wobbegong,Orectolobidae,unprovoked,swimming
33,1862,VIC,coastal,white shark,Carcharodon carcharias ,unprovoked,swimming
34,1862,QLD,river,bull shark,Carcharhinus leucas,unprovoked,swimming
35,1863,NSW,river,bull shark,Carcharhinus leucas,unprovoked,swimming
36,1863,QLD,coastal,tiger shark,Galeocerdo cuvier ,provoked,swimming
37,1863,VIC,coastal,white shark,Carcharodon carcharias ,unprovoked,swimming
38,1863,QLD,coastal,tiger shark,Galeocerdo cuvier ,unprovoked,NA
39,1865,VIC,coastal,white shark,Carcharodon carcharias ,unprovoked,swimming
40,1868,QLD,coastal,tiger shark,Galeocerdo cuvier ,unprovoked,swimming
41,1869,QLD,river,bull shark,Carcharhinus leucas,unprovoked,swimming
42,1869,SA,coastal,broadnose sevengill shark,Notorynchus cepedianus,provoked,fishing
43,1870,QLD,river,bull shark,Carcharhinus leucas,unprovoked,swimming
44,1870,QLD,coastal,whaler shark,Carcharhinidae,provoked,spearfishing
45,1872,QLD,coastal,NA,NA,unprovoked,swimming
46,1873,SA,coastal,white shark,Carcharodon carcharias ,unprovoked,unmotorised boating
47,1874,NSW,estuary/harbour,bull shark,Carcharhinus leucas,unprovoked,swimming
48,1874,QLD,river,bull shark,Carcharhinus leucas,unprovoked,swimming
49,1874,NSW,coastal,wobbegong,Orectolobidae,provoked,swimming
50,1875,NSW,river,tiger shark,Galeocerdo cuvier ,unprovoked,swimming
51,1875,QLD,estuary/harbour,tiger shark,Galeocerdo cuvier ,provoked,snorkelling
52,1875,NSW,island open ocean,white shark,Carcharodon carcharias ,provoked,swimming
53,1875,NSW,river,bull shark,Carcharhinus leucas,unprovoked,swimming
54,1876,WA,river,bull shark,Carcharhinus leucas,provoked,snorkelling
55,1876,VIC,coastal,white shark,Carcharodon carcharias ,unprovoked,swimming
56,1876,QLD,coastal,tiger shark,Galeocerdo cuvier ,provoked,snorkelling
57,1876,VIC,estuary/harbour,white shark,Carcharodon carcharias ,unprovoked,swimming
58,1876,NSW,coastal,whaler shark,Carcharhinidae,provoked,diving
59,1876,NSW,island open ocean,bull shark,Carcharhinus leucas,unprovoked,swimming
60,1877,VIC,coastal,white shark,Carcharodon carcharias ,unprovoked,swimming
61,1877,VIC,coastal,white shark,Carcharodon carcharias ,unprovoked,swimming
62,1877,VIC,coastal,white shark,Carcharodon carcharias ,unprovoked,swimming
63,1877,NSW,estuary/harbour,bull shark,Carcharhinus leucas,unprovoked,swimming
64,1877,SA,coastal,NA,NA,provoked,swimming
65,1878,QLD,island open ocean,tiger shark,Galeocerdo cuvier ,provoked,snorkelling
66,1878,VIC,river,whaler shark,Carcharhinidae,unprovoked,swimming
67,1878,QLD,coastal,bull shark,Carcharhinus leucas,provoked,fishing
68,1878,NSW,estuary/harbour,wobbegong,Orectolobidae,unprovoked,swimming
69,1879,NSW,estuary/harbour,bull shark,Carcharhinus leucas,unprovoked,swimming
70,1879,NSW,estuary/harbour,white shark,Carcharodon carcharias ,unprovoked,swimming
71,1880,QLD,island open ocean,tiger shark,Galeocerdo cuvier ,unprovoked,swimming
72,1880,NSW,estuary/harbour,bull shark,Carcharhinus leucas,unprovoked,swimming
73,1880,QLD,river,bull shark,Carcharhinus leucas,unprovoked,swimming
74,1880,QLD,river,bull shark,Carcharhinus leucas,unprovoked,swimming
75,1881,NSW,estuary/harbour,bull shark,Carcharhinus leucas,unprovoked,swimming
76,1881,QLD,coastal,tiger shark,Galeocerdo cuvier ,unprovoked,NA
77,1881,QLD,ocean/pelagic,tiger shark,Galeocerdo cuvier ,provoked,spearfishing
78,1881,NSW,estuary/harbour,bull shark,Carcharhinus leucas,unprovoked,swimming
79,1881,QLD,river,bull shark,Carcharhinus leucas,unprovoked,swimming
80,1882,WA,coastal,tiger shark,Galeocerdo cuvier ,provoked,snorkelling
81,1882,NSW,estuary/harbour,white shark,Carcharodon carcharias ,unprovoked,NA
82,1882,NSW,coastal,wobbegong,Orectolobidae,unprovoked,swimming
83,1882,WA,coastal,tiger shark,Galeocerdo cuvier ,provoked,snorkelling
84,1882,WA,coastal,tiger shark,Galeocerdo cuvier ,provoked,snorkelling
85,1883,NSW,estuary/harbour,bull shark,Carcharhinus leucas,unprovoked,swimming
86,1883,NSW,estuary/harbour,bull shark,Carcharhinus leucas,unprovoked,swimming
87,1883,NSW,estuary/harbour,bull shark,Carcharhinus leucas,provoked,swimming
88,1884,SA,coastal,white shark,Carcharodon carcharias ,unprovoked,swimming
89,1885,NSW,river,bull shark,Carcharhinus leucas,unprovoked,swimming
90,1885,WA,coastal,white shark,Carcharodon carcharias ,unprovoked,swimming
91,1886,QLD,estuary/harbour,bull shark,Carcharhinus leucas,unprovoked,swimming
92,1886,QLD,river,bull shark,Carcharhinus leucas,unprovoked,swimming
93,1887,NSW,estuary/harbour,whaler shark,Carcharhinidae,unprovoked,unmotorised boating
94,1887,NSW,river,bull shark,Carcharhinus leucas,unprovoked,swimming
95,1888,QLD,island open ocean,tiger shark,Galeocerdo cuvier ,provoked,snorkelling
96,1888,NSW,estuary/harbour,bull shark,Carcharhinus leucas,unprovoked,swimming
97,1889,VIC,ocean/pelagic,white shark,Carcharodon carcharias ,unprovoked,swimming
98,1890,TAS,river,broadnose sevengill shark,Notorynchus cepedianus,unprovoked,swimming
99,1891,NSW,coastal,wobbegong,Orectolobidae,provoked,diving
100,1891,VIC,coastal,wobbegong,Orectolobidae,provoked,snorkelling
101,1892,QLD,river,tiger shark,Galeocerdo cuvier ,provoked,diving
102,1892,QLD,river,bull shark,Carcharhinus leucas,unprovoked,swimming
103,1892,QLD,coastal,whaler shark,Carcharhinidae,unprovoked,swimming
104,1892,QLD,island open ocean,bull shark,Carcharhinus leucas,unprovoked,swimming
105,1893,WA,coastal,wobbegong,Orectolobidae,provoked,fishing
106,1893,QLD,ocean/pelagic,tiger shark,Galeocerdo cuvier ,unprovoked,swimming
107,1893,QLD,island open ocean,tiger shark,Galeocerdo cuvier ,unprovoked,swimming
108,1894,NSW,coastal,white shark,Carcharodon carcharias ,unprovoked,swimming
109,1895,QLD,river,bull shark,Carcharhinus leucas,unprovoked,unmotorised boating
110,1895,NSW,estuary/harbour,bull shark,Carcharhinus leucas,unprovoked,swimming
111,1895,QLD,estuary/harbour,bull shark,Carcharhinus leucas,unprovoked,swimming
112,1895,WA,island open ocean,tiger shark,Galeocerdo cuvier ,provoked,diving
113,1895,NSW,coastal,whaler shark,Carcharhinidae,provoked,swimming
114,1895,QLD,island open ocean,tiger shark,Galeocerdo cuvier ,provoked,diving
115,1895,NSW,estuary/harbour,bull shark,Carcharhinus leucas,unprovoked,swimming
116,1896,NSW,estuary/harbour,bull shark,Carcharhinus leucas,unprovoked,swimming
117,1896,WA,coastal,white shark,Carcharodon carcharias ,unprovoked,swimming
118,1897,NSW,river,bull shark,Carcharhinus leucas,unprovoked,swimming
119,1897,QLD,island open ocean,tiger shark,Galeocerdo cuvier ,unprovoked,swimming
120,1898,NSW,estuary/harbour,bull shark,Carcharhinus leucas,provoked,fishing
121,1898,QLD,coastal,whaler shark,Carcharhinidae,provoked,fishing
122,1899,NSW,estuary/harbour,bull shark,Carcharhinus leucas,unprovoked,swimming
123,1899,QLD,estuary/harbour,bull shark,Carcharhinus leucas,unprovoked,swimming
124,1900,NSW,estuary/harbour,bull shark,Carcharhinus leucas,unprovoked,swimming
125,1900,NT,coastal,tiger shark,Galeocerdo cuvier ,unprovoked,swimming
126,1900,QLD,estuary/harbour,tiger shark,Galeocerdo cuvier ,unprovoked,swimming
127,1900,QLD,island open ocean,NA,NA,provoked,snorkelling
128,1900,NSW,estuary/harbour,bull shark,Carcharhinus leucas,unprovoked,swimming
129,1901,NT,coastal,tiger shark,Galeocerdo cuvier ,unprovoked,swimming
130,1901,QLD,river,bull shark,Carcharhinus leucas,unprovoked,swimming
131,1901,QLD,river,wobbegong,Orectolobidae,provoked,swimming
132,1901,QLD,island open ocean,tiger shark,Galeocerdo cuvier ,provoked,snorkelling
133,1901,QLD,island open ocean,tiger shark,Galeocerdo cuvier ,provoked,snorkelling
134,1901,QLD,estuary/harbour,bull shark,Carcharhinus leucas,unprovoked,swimming
135,1902,QLD,river,bull shark,Carcharhinus leucas,unprovoked,swimming
136,1902,QLD,coastal,whaler shark,Carcharhinidae,provoked,swimming
137,1903,NSW,river,bull shark,Carcharhinus leucas,unprovoked,swimming
138,1903,NSW,estuary/harbour,bull shark,Carcharhinus leucas,provoked,fishing
139,1903,QLD,river,bull shark,Carcharhinus leucas,unprovoked,swimming
140,1903,NSW,coastal,whaler shark,Carcharhinidae,provoked,diving
141,1904,QLD,river,bull shark,Carcharhinus leucas,unprovoked,swimming
142,1905,NSW,river,bull shark,Carcharhinus leucas,unprovoked,swimming
143,1905,QLD,island open ocean,tiger shark,Galeocerdo cuvier ,provoked,snorkelling
144,1906,NSW,river,bull shark,Carcharhinus leucas,unprovoked,swimming
145,1906,QLD,island open ocean,tiger shark,Galeocerdo cuvier ,unprovoked,swimming
146,1906,QLD,island open ocean,tiger shark,Galeocerdo cuvier ,provoked,snorkelling
147,1906,NSW,coastal,wobbegong,Orectolobidae,unprovoked,motorised boating
148,1907,QLD,estuary/harbour,bull shark,Carcharhinus leucas,unprovoked,swimming
149,1907,WA,island open ocean,tiger shark,Galeocerdo cuvier ,provoked,snorkelling
150,1907,NSW,coastal,white shark,Carcharodon carcharias ,unprovoked,swimming
151,1907,NSW,estuary/harbour,bull shark,Carcharhinus leucas,unprovoked,swimming
152,1909,NSW,estuary/harbour,bull shark,Carcharhinus leucas,unprovoked,swimming
153,1910,NSW,estuary/harbour,bull shark,Carcharhinus leucas,unprovoked,swimming
154,1910,WA,coastal,white shark,Carcharodon carcharias ,unprovoked,swimming
155,1910,WA,coastal,NA,NA,unprovoked,swimming
156,1910,QLD,island open ocean,NA,NA,unprovoked,swimming
157,1911,WA,coastal,tiger shark,Galeocerdo cuvier ,unprovoked,swimming
158,1911,QLD,island open ocean,tiger shark,Galeocerdo cuvier ,unprovoked,swimming
159,1911,QLD,island open ocean,tiger shark,Galeocerdo cuvier ,provoked,snorkelling
160,1912,NSW,coastal,dusky shark,Carcharhinus obscurus,unprovoked,swimming
161,1912,NSW,river,bull shark,Carcharhinus leucas,unprovoked,swimming
162,1912,QLD,estuary/harbour,bull shark,Carcharhinus leucas,unprovoked,swimming
163,1912,WA,coastal,wobbegong,Orectolobidae,provoked,diving
164,1912,SA,coastal,white shark,Carcharodon carcharias ,provoked,fishing
165,1912,NSW,coastal,white shark,Carcharodon carcharias ,unprovoked,swimming
166,1912,QLD,coastal,tiger shark,Galeocerdo cuvier ,unprovoked,swimming
167,1913,QLD,island open ocean,tiger shark,Galeocerdo cuvier ,provoked,snorkelling
168,1913,NSW,river,bull shark,Carcharhinus leucas,provoked,fishing
169,1913,QLD,island open ocean,NA,NA,provoked,swimming
170,1913,QLD,coastal,tiger shark,Galeocerdo cuvier ,unprovoked,swimming
171,1913,SA,coastal,white shark,Carcharodon carcharias ,unprovoked,swimming
172,1914,NSW,estuary/harbour,bull shark,Carcharhinus leucas,unprovoked,unmotorised boating
173,1914,QLD,coastal,wobbegong,Orectolobidae,unprovoked,swimming
174,1914,NSW,river,bull shark,Carcharhinus leucas,unprovoked,unmotorised boating
175,1914,SA,coastal,wobbegong,Orectolobidae,provoked,spearfishing
176,1914,NSW,river,bull shark,Carcharhinus leucas,provoked,fishing
177,1914,VIC,coastal,white shark,Carcharodon carcharias ,unprovoked,swimming
178,1914,QLD,Coastal,NA,NA,unprovoked,swimming
179,1914,WA,coastal,wobbegong,Orectolobidae,provoked,NA
180,1915,NSW,estuary/harbour,bull shark,Carcharhinus leucas,unprovoked,swimming
181,1915,QLD,coastal,wobbegong,Orectolobidae,unprovoked,unmotorised boating
182,1915,NSW,coastal,whaler shark,Carcharhinidae,unprovoked,swimming
183,1915,QLD,estuary/harbour,bull shark,Carcharhinus leucas,unprovoked,swimming
184,1916,TAS,coastal,wobbegong,Orectolobidae,provoked,diving
185,1916,NSW,coastal,white shark,Carcharodon carcharias ,unprovoked,swimming
186,1916,QLD,coastal,tiger shark,Galeocerdo cuvier ,unprovoked,swimming
187,1916,QLD,coastal,tiger shark,Galeocerdo cuvier ,unprovoked,swimming
188,1916,WA,coastal,tiger shark,Galeocerdo cuvier ,provoked,snorkelling
189,1916,WA,coastal,tiger shark,Galeocerdo cuvier ,provoked,snorkelling
190,1916,NSW,estuary/harbour,bull shark,Carcharhinus leucas,unprovoked,other: standing in water
191,1916,QLD,coastal,tiger shark,Galeocerdo cuvier ,unprovoked,swimming
192,1917,QLD,coastal,whaler shark,Carcharhinidae,provoked,fishing
193,1917,WA,coastal,tiger shark,Galeocerdo cuvier ,unprovoked,swimming
194,1918,NSW,coastal,wobbegong,Orectolobidae,provoked,fishing
195,1918,NSW,coastal,white shark,Carcharodon carcharias ,unprovoked,swimming
196,1918,QLD,coastal,wobbegong,Orectolobidae,provoked,swimming
197,1918,NSW,Coastal,tiger shark,Galeocerdo cuvier ,unprovoked,swimming
198,1918,NSW,coastal,wobbegong,Orectolobidae,provoked,diving
199,1918,NSW,river,bull shark,Carcharhinus leucas,unprovoked,swimming
200,1918,QLD,coastal,tiger shark,Galeocerdo cuvier ,unprovoked,swimming
201,1918,QLD,Ocean/pelagic,tiger shark,Galeocerdo cuvier ,provoked,snorkelling
202,1919,NSW,coastal,white shark,Carcharodon carcharias ,unprovoked,swimming
203,1919,NSW,estuary/harbour,bull shark,Carcharhinus leucas,unprovoked,swimming
204,1919,QLD,estuary/harbour,bull shark,Carcharhinus leucas,unprovoked,swimming
205,1919,QLD,coastal,wobbegong,Orectolobidae,provoked,swimming
206,1919,NSW,river,bull shark,Carcharhinus leucas,unprovoked,swimming
207,1920,NSW,estuary/harbour,bull shark,Carcharhinus leucas,unprovoked,swimming
208,1920,NSW,estuary/harbour,wobbegong,Orectolobidae,provoked,spearfishing
209,1920,QLD,coastal,tiger shark,Galeocerdo cuvier ,unprovoked,swimming
210,1920,QLD,coastal,tiger shark,Galeocerdo cuvier ,provoked,snorkelling
211,1920,NSW,coastal,wobbegong,Orectolobidae,provoked,snorkelling
212,1920,WA,coastal,wobbegong,Orectolobidae,unprovoked,other: standing in water
213,1920,WA,coastal,wobbegong,Orectolobidae,unprovoked,other: standing in water
214,1920,QLD,island open ocean,NA,NA,provoked,fishing
215,1920,NSW,river,bull shark,Carcharhinus leucas,unprovoked,swimming
216,1921,QLD,coastal,tiger shark,Galeocerdo cuvier ,provoked,snorkelling
217,1921,QLD,ocean/pelagic,tiger shark,Galeocerdo cuvier ,unprovoked,swimming
218,1921,QLD,river,bull shark,Carcharhinus leucas,unprovoked,swimming
219,1921,QLD,river,bull shark,Carcharhinus leucas,unprovoked,swimming
220,1921,QLD,river,bull shark,Carcharhinus leucas,unprovoked,swimming
221,1922,NSW,coastal,white shark,Carcharodon carcharias ,unprovoked,swimming
222,1922,QLD,estuary/harbour,bull shark,Carcharhinus leucas,unprovoked,swimming
223,1922,NSW,coastal,white shark,Carcharodon carcharias ,unprovoked,swimming
224,1922,NSW,coastal,white shark,Carcharodon carcharias ,unprovoked,swimming
225,1922,QLD,coastal,tiger shark,Galeocerdo cuvier ,unprovoked,swimming
226,1923,WA,river,bull shark,Carcharhinus leucas,unprovoked,swimming
227,1923,NSW,coastal,white shark,Carcharodon carcharias ,provoked,swimming
228,1923,QLD,estuary/harbour,bull shark,Carcharhinus leucas,unprovoked,swimming
229,1923,QLD,ocean/pelagic,tiger shark,Galeocerdo cuvier ,provoked,snorkelling
230,1923,WA,coastal,wobbegong,Orectolobidae,provoked,fishing
231,1923,QLD,island open ocean,tiger shark,Galeocerdo cuvier ,provoked,snorkelling
232,1923,NSW,coastal,white shark,Carcharodon carcharias ,unprovoked,swimming
233,1923,QLD,coastal,tiger shark,Galeocerdo cuvier ,provoked,snorkelling
234,1923,WA,coastal,tiger shark,Galeocerdo cuvier ,provoked,NA
235,1923,WA,coastal,tiger shark,Galeocerdo cuvier ,provoked,NA
236,1923,NSW,river,bull shark,Carcharhinus leucas,unprovoked,swimming
237,1924,NSW,river,bull shark,Carcharhinus leucas,unprovoked,swimming
238,1924,WA,coastal,wobbegong,Orectolobidae,unprovoked,swimming
239,1924,NSW,coastal,white shark,Carcharodon carcharias ,unprovoked,swimming
240,1924,NSW,coastal,white shark,Carcharodon carcharias ,unprovoked,swimming
241,1924,VIC,coastal,white shark,Carcharodon carcharias ,unprovoked,swimming
242,1925,NSW,coastal,white shark,Carcharodon carcharias ,unprovoked,swimming
243,1925,NSW,coastal,white shark,Carcharodon carcharias ,unprovoked,swimming
244,1925,WA,coastal,tiger shark,Galeocerdo cuvier ,unprovoked,swimming
245,1926,SA,coastal,white shark,Carcharodon carcharias ,unprovoked,swimming
246,1926,NSW,river,bull shark,Carcharhinus leucas,unprovoked,swimming
247,1926,QLD,island open ocean,tiger shark,Galeocerdo cuvier ,provoked,snorkelling
248,1926,QLD,island open ocean,tiger shark,Galeocerdo cuvier ,provoked,snorkelling
249,1927,QLD,coastal,tiger shark,Galeocerdo cuvier ,provoked,snorkelling
250,1927,NSW,river,tiger shark,Galeocerdo cuvier ,unprovoked,swimming
251,1927,QLD,river,bull shark,Carcharhinus leucas,unprovoked,swimming
252,1927,NSW,coastal,white shark,Carcharodon carcharias ,unprovoked,swimming
253,1927,QLD,island open ocean,tiger shark,Galeocerdo cuvier ,provoked,NA
254,1927,QLD,island open ocean,tiger shark,Galeocerdo cuvier ,provoked,snorkelling
255,1927,QLD,coastal,tiger shark,Galeocerdo cuvier ,unprovoked,swimming
256,1927,WA,Coastal,tiger shark,Galeocerdo cuvier ,provoked,diving
257,1928,QLD,island open ocean,tiger shark,Galeocerdo cuvier ,provoked,NA
258,1928,QLD,island open ocean,tiger shark,Galeocerdo cuvier ,provoked,snorkelling
259,1928,QLD,coastal,tiger shark,Galeocerdo cuvier ,provoked,snorkelling
260,1928,QLD,river,bull shark,Carcharhinus leucas,unprovoked,swimming
261,1928,NSW,coastal,white shark,Carcharodon carcharias ,unprovoked,swimming
262,1928,NSW,coastal,white shark,Carcharodon carcharias ,unprovoked,swimming
263,1928,QLD,island open ocean,tiger shark,Galeocerdo cuvier ,unprovoked,swimming
264,1928,QLD,island open ocean,tiger shark,Galeocerdo cuvier ,provoked,snorkelling
265,1929,QLD,coastal,tiger shark,Galeocerdo cuvier ,unprovoked,swimming
266,1929,SA,coastal,wobbegong,Orectolobidae,provoked,fishing
267,1929,NSW,coastal,white shark,Carcharodon carcharias ,unprovoked,swimming
268,1929,NSW,coastal,wobbegong,Orectolobidae,provoked,snorkelling
269,1929,NSW,coastal,white shark,Carcharodon carcharias ,unprovoked,swimming
270,1929,NSW,coastal,white shark,Carcharodon carcharias ,unprovoked,swimming
271,1929,SA,coastal,white shark,Carcharodon carcharias ,unprovoked,unmotorised boating
272,1929,QLD,island open ocean,NA,NA,provoked,snorkelling
273,1929,SA,coastal,wobbegong,Orectolobidae,unprovoked,unmotorised boating
274,1929,SA,coastal,wobbegong,Orectolobidae,unprovoked,unmotorised boating
275,1929,QLD,island open ocean,tiger shark,Galeocerdo cuvier ,unprovoked,swimming
276,1929,QLD,coastal,tiger shark,Galeocerdo cuvier ,provoked,snorkelling
277,1929,QLD,coastal,bull shark,Carcharhinus leucas,provoked,fishing
278,1929,QLD,island open ocean,tiger shark,Galeocerdo cuvier ,unprovoked,swimming
279,1929,QLD,island open ocean,tiger shark,Galeocerdo cuvier ,provoked,snorkelling
280,1929,QLD,island open ocean,tiger shark,Galeocerdo cuvier ,provoked,spearfishing
281,1929,QLD,estuary/harbour,bull shark,Carcharhinus leucas,unprovoked,swimming
282,1929,QLD,island open ocean,tiger shark,Galeocerdo cuvier ,unprovoked,swimming
283,1929,QLD,estuary/harbour,bull shark,Carcharhinus leucas,unprovoked,swimming
284,1929,NSW,island open ocean,wobbegong,Orectolobidae,unprovoked,swimming
285,1929,NSW,estuary/harbour,bull shark,Carcharhinus leucas,unprovoked,swimming
286,1929,QLD,island open ocean,tiger shark,Galeocerdo cuvier ,unprovoked,swimming
287,1929,QLD,coastal,NA,NA,unprovoked,swimming
288,1930,QLD,island open ocean,tiger shark,Galeocerdo cuvier ,provoked,spearfishing
289,1930,VIC,coastal,white shark,Carcharodon carcharias ,unprovoked,swimming
290,1930,QLD,island open ocean,tiger shark,Galeocerdo cuvier ,unprovoked,swimming
291,1930,QLD,island open ocean,tiger shark,Galeocerdo cuvier ,unprovoked,swimming
292,1930,QLD,island open ocean,tiger shark,Galeocerdo cuvier ,provoked,snorkelling
293,1930,WA,coastal,wobbegong,Orectolobidae,provoked,fishing
294,1930,NSW,river,bull shark,Carcharhinus leucas,unprovoked,swimming
295,1931,NSW,estuary/harbour,wobbegong,Orectolobidae,provoked,fishing
296,1931,QLD,coastal,tiger shark,Galeocerdo cuvier ,unprovoked,swimming
297,1931,QLD,island open ocean,tiger shark,Galeocerdo cuvier ,provoked,snorkelling
298,1931,QLD,island open ocean,tiger shark,Galeocerdo cuvier ,provoked,snorkelling
299,1931,QLD,estuary/harbour,bull shark,Carcharhinus leucas,provoked,swimming
300,1931,QLD,coastal,tiger shark,Galeocerdo cuvier ,provoked,snorkelling
301,1932,QLD,river,bull shark,Carcharhinus leucas,unprovoked,swimming
302,1932,QLD,river,bull shark,Carcharhinus leucas,provoked,fishing
303,1932,NSW,coastal,wobbegong,Orectolobidae,provoked,fishing
304,1932,QLD,coastal,tiger shark,Galeocerdo cuvier ,provoked,snorkelling
305,1932,QLD,island open ocean,tiger shark,Galeocerdo cuvier ,unprovoked,swimming
306,1932,QLD,island open ocean,tiger shark,Galeocerdo cuvier ,unprovoked,swimming
307,1932,NSW,coastal,white shark,Carcharodon carcharias ,unprovoked,swimming
308,1932,NT,coastal,tiger shark,Galeocerdo cuvier ,unprovoked,swimming
309,1933,QLD,coastal,tiger shark,Galeocerdo cuvier ,unprovoked,swimming
310,1933,WA,river,bull shark,Carcharhinus leucas,provoked,fishing
311,1933,QLD,coastal,tiger shark,Galeocerdo cuvier ,provoked,snorkelling
312,1933,QLD,ocean/pelagic,tiger shark,Galeocerdo cuvier ,provoked,snorkelling
313,1933,NT,coastal,NA,NA,provoked,fishing
314,1933,QLD,estuary/harbour,bull shark,Carcharhinus leucas,unprovoked,swimming
315,1933,WA,coastal,tiger shark,Galeocerdo cuvier ,provoked,diving
316,1933,QLD,island open ocean,tiger shark,Galeocerdo cuvier ,provoked,snorkelling
317,1933,QLD,coastal,tiger shark,Galeocerdo cuvier ,provoked,snorkelling
318,1933,NSW,coastal,wobbegong,Orectolobidae,provoked,swimming
319,1934,NSW,river,bull shark,Carcharhinus leucas,unprovoked,swimming
320,1934,NSW,coastal,white shark,Carcharodon carcharias ,unprovoked,swimming
321,1934,QLD,island open ocean,tiger shark,Galeocerdo cuvier ,provoked,snorkelling
322,1934,QLD,island open ocean,tiger shark,Galeocerdo cuvier ,provoked,spearfishing
323,1934,NSW,coastal,white shark,Carcharodon carcharias ,unprovoked,swimming
324,1934,QLD,coastal,tiger shark,Galeocerdo cuvier ,unprovoked,swimming
325,1934,NSW,coastal,white shark,Carcharodon carcharias ,unprovoked,swimming
326,1934,QLD,coastal,tiger shark,Galeocerdo cuvier ,unprovoked,swimming
327,1934,QLD,island open ocean,tiger shark,Galeocerdo cuvier ,provoked,snorkelling
328,1934,NT,coastal,tiger shark,Galeocerdo cuvier ,unprovoked,swimming
329,1934,NSW,river,bull shark,Carcharhinus leucas,unprovoked,swimming
330,1934,NSW,river,bull shark,Carcharhinus leucas,unprovoked,swimming
331,1934,NSW,estuary/harbour,bull shark,Carcharhinus leucas,unprovoked,swimming
332,1934,NSW,estuary/harbour,bull shark,Carcharhinus leucas,unprovoked,swimming
333,1935,QLD,island open ocean,tiger shark,Galeocerdo cuvier ,unprovoked,swimming
334,1935,NSW,coastal,white shark,Carcharodon carcharias ,unprovoked,boarding
335,1935,NSW,coastal,white shark,Carcharodon carcharias ,unprovoked,swimming
336,1935,QLD,coastal,whaler shark,Carcharhinidae,unprovoked,snorkelling
337,1935,QLD,island open ocean,tiger shark,Galeocerdo cuvier ,provoked,snorkelling
338,1935,NSW,coastal,white shark,Carcharodon carcharias ,unprovoked,swimming
339,1935,QLD,island open ocean,whaler shark,Carcharhinidae,provoked,snorkelling
340,1935,QLD,coastal,tiger shark,Galeocerdo cuvier ,provoked,snorkelling
341,1935,QLD,island open ocean,tiger shark,Galeocerdo cuvier ,provoked,snorkelling
342,1936,NSW,coastal,white shark,Carcharodon carcharias ,provoked,boarding
343,1936,WA,coastal,tiger shark,Galeocerdo cuvier ,provoked,snorkelling
344,1936,SA,coastal,white shark,Carcharodon carcharias ,unprovoked,swimming
345,1936,NSW,coastal,white shark,Carcharodon carcharias ,unprovoked,swimming
346,1936,QLD,river,bull shark,Carcharhinus leucas,unprovoked,unmotorised boating
347,1936,QLD,island open ocean,tiger shark,Galeocerdo cuvier ,provoked,snorkelling
348,1936,QLD,river,whaler shark,Carcharhinidae,unprovoked,swimming
349,1936,QLD,Ocean/pelagic,tiger shark,Galeocerdo cuvier ,provoked,snorkelling
350,1936,QLD,coastal,NA,NA,provoked,snorkelling
351,1936,QLD,island open ocean,tiger shark,Galeocerdo cuvier ,provoked,snorkelling
352,1936,QLD,coastal,tiger shark,Galeocerdo cuvier ,provoked,snorkelling
353,1936,QLD,island open ocean,whaler shark,Carcharhinidae,provoked,snorkelling
354,1936,WA,island open ocean,wobbegong,Orectolobidae,provoked,swimming
355,1936,NSW,coastal,wobbegong,Orectolobidae,unprovoked,swimming
356,1936,NSW,estuary/harbour,bull shark,Carcharhinus leucas,unprovoked,swimming
357,1937,QLD,island open ocean,tiger shark,Galeocerdo cuvier ,unprovoked,swimming
358,1937,NSW,coastal,white shark,Carcharodon carcharias ,unprovoked,swimming
359,1937,NSW,coastal,wobbegong,Orectolobidae,unprovoked,swimming
360,1937,QLD,estuary/harbour,bull shark,Carcharhinus leucas,unprovoked,swimming
361,1937,QLD,island open ocean,tiger shark,Galeocerdo cuvier ,provoked,snorkelling
362,1937,NSW,coastal,white shark,Carcharodon carcharias ,unprovoked,swimming
363,1937,QLD,coastal,tiger shark,Galeocerdo cuvier ,unprovoked,swimming
364,1937,QLD,coastal,tiger shark,Galeocerdo cuvier ,unprovoked,swimming
365,1937,QLD,river,bull shark,Carcharhinus leucas,unprovoked,swimming
366,1937,QLD,island open ocean,tiger shark,Galeocerdo cuvier ,provoked,snorkelling
367,1938,QLD,island open ocean,tiger shark,Galeocerdo cuvier ,provoked,fishing
368,1938,NSW,estuary/harbour,bull shark,Carcharhinus leucas,provoked,swimming
369,1938,NSW,coastal,white shark,Carcharodon carcharias ,unprovoked,boarding
370,1938,NT,estuary/harbour,whaler shark,Carcharhinidae,unprovoked,unmotorised boating
371,1938,QLD,island open ocean,NA,NA,provoked,diving
372,1938,NT,island open ocean,whaler shark,Carcharhinidae,provoked,diving
373,1938,QLD,coastal,tiger shark,Galeocerdo cuvier ,provoked,fishing
374,1938,QLD,coastal,wobbegong,Orectolobidae,provoked,swimming
375,1939,NSW,river,bull shark,Carcharhinus leucas,provoked,fishing
376,1939,QLD,island open ocean,tiger shark,Galeocerdo cuvier ,provoked,snorkelling
377,1939,QLD,island open ocean,NA,NA,unprovoked,swimming
378,1939,QLD,island open ocean,tiger shark,Galeocerdo cuvier ,provoked,snorkelling
379,1939,NSW,river,bull shark,Carcharhinus leucas,unprovoked,swimming
380,1939,QLD,estuary/harbour,bull shark,Carcharhinus leucas,unprovoked,swimming
381,1940,QLD,island open ocean,tiger shark,Galeocerdo cuvier ,provoked,snorkelling
382,1940,QLD,river,bull shark,Carcharhinus leucas,unprovoked,swimming
383,1940,QLD,coastal,tiger shark,Galeocerdo cuvier ,unprovoked,swimming
384,1940,NSW,estuary/harbour,tiger shark,Galeocerdo cuvier ,unprovoked,swimming
385,1940,NSW,estuary/harbour,bull shark,Carcharhinus leucas,unprovoked,swimming
386,1940,NSW,coastal,wobbegong,Orectolobidae,provoked,snorkelling
387,1940,QLD,island open ocean,tiger shark,Galeocerdo cuvier ,unprovoked,swimming
388,1940,NSW,coastal,tiger shark,Galeocerdo cuvier ,unprovoked,swimming
389,1941,QLD,island open ocean,tiger shark,Galeocerdo cuvier ,unprovoked,swimming
390,1941,QLD,island open ocean,tiger shark,Galeocerdo cuvier ,unprovoked,swimming
391,1941,WA,ocean/pelagic,NA,NA,unprovoked,swimming
392,1941,WA,estuary/harbour,bull shark,Carcharhinus leucas,unprovoked,swimming
393,1942,NSW,estuary/harbour,bull shark,Carcharhinus leucas,unprovoked,swimming
394,1942,NSW,coastal,white shark,Carcharodon carcharias ,provoked,boarding
395,1942,QLD,coastal,tiger shark,Galeocerdo cuvier ,provoked,snorkelling
396,1942,QLD,island open ocean,NA,NA,provoked,snorkelling
397,1942,QLD,coastal,tiger shark,Galeocerdo cuvier ,unprovoked,swimming
398,1942,NSW,estuary/harbour,bull shark,Carcharhinus leucas,unprovoked,swimming
399,1943,NT,coastal,tiger shark,Galeocerdo cuvier ,unprovoked,swimming
400,1944,NSW,coastal,white shark,Carcharodon carcharias ,unprovoked,boarding
401,1945,NSW,coastal,wobbegong,Orectolobidae,provoked,fishing
402,1945,QLD,coastal,tiger shark,Galeocerdo cuvier ,unprovoked,swimming
403,1946,QLD,coastal,NA,NA,unprovoked,swimming
404,1946,NSW,river,bull shark,Carcharhinus leucas,unprovoked,swimming
405,1946,WA,coastal,white shark,Carcharodon carcharias ,unprovoked,swimming
406,1946,QLD,coastal,tiger shark,Galeocerdo cuvier ,unprovoked,swimming
407,1946,QLD,coastal,tiger shark,Galeocerdo cuvier ,unprovoked,swimming
408,1946,NSW,estuary/harbour,bull shark,Carcharhinus leucas,unprovoked,swimming
409,1946,QLD,island open ocean,tiger shark,Galeocerdo cuvier ,provoked,snorkelling
410,1946,SA,coastal,white shark,Carcharodon carcharias ,unprovoked,swimming
411,1947,NT,estuary/harbour,tiger shark,Galeocerdo cuvier ,provoked,diving
412,1947,QLD,island open ocean,tiger shark,Galeocerdo cuvier ,unprovoked,other: standing in water
413,1947,NSW,river,bull shark,Carcharhinus leucas,unprovoked,swimming
414,1947,NSW,river,bull shark,Carcharhinus leucas,unprovoked,swimming
415,1947,NSW,estuary/harbour,bull shark,Carcharhinus leucas,provoked,fishing
416,1948,WA,island open ocean,wobbegong,Orectolobidae,provoked,swimming
417,1948,NSW,coastal,tiger shark,Galeocerdo cuvier ,unprovoked,swimming
418,1948,QLD,island open ocean,tiger shark,Galeocerdo cuvier ,provoked,snorkelling
419,1948,QLD,coastal,tiger shark,Galeocerdo cuvier ,unprovoked,swimming
420,1948,NSW,estuary/harbour,tiger shark,Galeocerdo cuvier ,provoked,spearfishing
421,1949,NSW,coastal,whaler shark,Carcharhinidae,provoked,boarding
422,1949,NSW,coastal,wobbegong,Orectolobidae,provoked,NA
423,1949,NSW,coastal,white shark,Carcharodon carcharias ,unprovoked,boarding
424,1949,NSW,coastal,white shark,Carcharodon carcharias ,unprovoked,swimming
425,1949,NSW,coastal,white shark,Carcharodon carcharias ,unprovoked,boarding
426,1949,QLD,coastal,tiger shark,Galeocerdo cuvier ,unprovoked,swimming
427,1949,WA,coastal,bull shark,Carcharhinus leucas,unprovoked,swimming
428,1949,TAS,island open ocean,white shark,Carcharodon carcharias ,unprovoked,swimming
429,1949,QLD,coastal,tiger shark,Galeocerdo cuvier ,unprovoked,swimming
430,1949,QLD,coastal,tiger shark,Galeocerdo cuvier ,unprovoked,swimming
431,1949,NSW,coastal,wobbegong,Orectolobidae,provoked,swimming
432,1950,VIC,coastal,wobbegong,Orectolobidae,provoked,swimming
433,1950,QLD,Coastal,tiger shark,Galeocerdo cuvier ,unprovoked,swimming
434,1950,QLD,coastal,bull shark,Carcharhinus leucas,unprovoked,swimming
435,1950,QLD,coastal,tiger shark,Galeocerdo cuvier ,unprovoked,unmotorised boating
436,1950,QLD,coastal,tiger shark,Galeocerdo cuvier ,unprovoked,swimming
437,1951,NSW,estuary/harbour,bull shark,Carcharhinus leucas,provoked,spearfishing
438,1951,NSW,coastal,wobbegong,Orectolobidae,unprovoked,swimming
439,1951,NSW,coastal,wobbegong,Orectolobidae,provoked,boarding
440,1951,QLD,river,bull shark,Carcharhinus leucas,unprovoked,swimming
441,1951,QLD,coastal,tiger shark,Galeocerdo cuvier ,unprovoked,swimming
442,1951,NSW,coastal,white shark,Carcharodon carcharias ,unprovoked,swimming
443,1951,NSW,coastal,white shark,Carcharodon carcharias ,unprovoked,boarding
444,1952,NSW,coastal,wobbegong,Orectolobidae,unprovoked,boarding
445,1952,QLD,estuary/harbour,bull shark,Carcharhinus leucas,provoked,NA
446,1952,WA,coastal,wobbegong,Orectolobidae,provoked,fishing
447,1952,VIC,coastal,white shark,Carcharodon carcharias ,unprovoked,swimming
448,1952,SA,coastal,white shark,Carcharodon carcharias ,provoked,fishing
449,1953,NSW,coastal,wobbegong,Orectolobidae,provoked,spearfishing
450,1953,NSW,coastal,wobbegong,Orectolobidae,provoked,spearfishing
451,1953,NSW,coastal,wobbegong,Orectolobidae,provoked,spearfishing
452,1953,NSW,coastal,tiger shark,Galeocerdo cuvier ,provoked,spearfishing
453,1953,NSW,coastal,white shark,Carcharodon carcharias ,unprovoked,swimming
454,1953,NSW,coastal,white shark,Carcharodon carcharias ,unprovoked,swimming
455,1953,QLD,coastal,white shark,Carcharodon carcharias ,unprovoked,swimming
456,1954,SA,coastal,wobbegong,Orectolobidae,provoked,NA
457,1954,QLD,island open ocean,tiger shark,Galeocerdo cuvier ,provoked,spearfishing
458,1954,NSW,coastal,whaler shark,Carcharhinidae,unprovoked,swimming
459,1954,NSW,coastal,white shark,Carcharodon carcharias ,unprovoked,swimming
460,1954,QLD,island open ocean,tiger shark,Galeocerdo cuvier ,provoked,snorkelling
461,1954,QLD,island open ocean,tiger shark,Galeocerdo cuvier ,provoked,spearfishing
462,1955,NSW,estuary/harbour,bull shark,Carcharhinus leucas,provoked,spearfishing
463,1955,NSW,estuary/harbour,bull shark,Carcharhinus leucas,unprovoked,swimming
464,1955,NSW,coastal,white shark,Carcharodon carcharias ,unprovoked,swimming
465,1955,QLD,island open ocean,wobbegong,Orectolobidae,provoked,spearfishing
466,1956,QLD,island open ocean,tiger shark,Galeocerdo cuvier ,provoked,snorkelling
467,1956,QLD,river,bull shark,Carcharhinus leucas,unprovoked,swimming
468,1956,VIC,coastal,wobbegong,Orectolobidae,unprovoked,swimming
469,1956,VIC,coastal,bronze whaler shark,Carcharhinus brachyurus,provoked,spearfishing
470,1956,WA,coastal,whaler shark,Carcharhinidae,unprovoked,diving
471,1956,VIC,coastal,white shark,Carcharodon carcharias ,unprovoked,swimming
472,1956,QLD,island open ocean,tiger shark,Galeocerdo cuvier ,provoked,snorkelling
473,1956,QLD,coastal,wobbegong,Orectolobidae,provoked,diving
474,1957,NSW,coastal,white shark,Carcharodon carcharias ,unprovoked,boarding
475,1957,WA,coastal,tiger shark,Galeocerdo cuvier ,unprovoked,swimming
476,1957,NSW,coastal,wobbegong,Orectolobidae,unprovoked,swimming
477,1957,QLD,estuary/harbour,tiger shark,Galeocerdo cuvier ,provoked,swimming
478,1957,NSW,coastal,white shark,Carcharodon carcharias ,provoked,spearfishing
479,1957,QLD,island open ocean,tiger shark,Galeocerdo cuvier ,provoked,snorkelling
480,1958,NSW,coastal,wobbegong,Orectolobidae,unprovoked,swimming
481,1958,NSW,coastal,white shark,Carcharodon carcharias ,provoked,spearfishing
482,1958,NSW,estuary/harbour,bull shark,Carcharhinus leucas,provoked,fishing
483,1958,QLD,island open ocean,tiger shark,Galeocerdo cuvier ,provoked,spearfishing
484,1958,VIC,coastal,bronze whaler shark,Carcharhinus brachyurus,provoked,spearfishing
485,1958,NSW,coastal,wobbegong,Orectolobidae,provoked,spearfishing
486,1958,QLD,coastal,tiger shark,Galeocerdo cuvier ,unprovoked,swimming
487,1959,WA,river,bull shark,Carcharhinus leucas,provoked,fishing
488,1959,QLD,coastal,wobbegong,Orectolobidae,unprovoked,swimming
489,1959,TAS,coastal,white shark,Carcharodon carcharias ,provoked,swimming
490,1959,TAS,island open ocean,white shark,Carcharodon carcharias ,unprovoked,unmotorised boating
491,1959,NSW,coastal,whaler shark,Carcharhinidae,provoked,spearfishing
492,1959,QLD,island open ocean,tiger shark,Galeocerdo cuvier ,provoked,NA
493,1959,QLD,coastal,tiger shark,Galeocerdo cuvier ,provoked,swimming
494,1959,VIC,coastal,white shark,Carcharodon carcharias ,unprovoked,swimming
495,1959,QLD,coastal,tiger shark,Galeocerdo cuvier ,unprovoked,swimming
496,1959,QLD,coastal,tiger shark,Galeocerdo cuvier ,provoked,boarding
497,1960,VIC,coastal,bronze whaler shark,Carcharhinus brachyurus,provoked,spearfishing
498,1960,NSW,river,bull shark,Carcharhinus leucas,unprovoked,snorkelling
499,1960,VIC,island open ocean,bronze whaler shark,Carcharhinus brachyurus,provoked,spearfishing
500,1960,NSW,coastal,white shark,Carcharodon carcharias ,unprovoked,swimming
501,1960,NSW,coastal,bronze whaler shark,Carcharhinus brachyurus,provoked,spearfishing
502,1960,QLD,coastal,whaler shark,Carcharhinidae,unprovoked,swimming
503,1960,WA,coastal,wobbegong,Orectolobidae,provoked,spearfishing
504,1960,NSW,coastal,whaler shark,Carcharhinidae,unprovoked,swimming
505,1960,QLD,river,bull shark,Carcharhinus leucas,unprovoked,swimming
506,1961,NSW,ocean/pelagic,dogfish,Squalidae,provoked,swimming
507,1961,VIC,coastal,wobbegong,Orectolobidae,unprovoked,swimming
508,1961,WA,island open ocean,wobbegong,Orectolobidae,provoked,spearfishing
509,1961,SA,coastal,bronze whaler shark,Carcharhinus brachyurus,provoked,spearfishing
510,1961,VIC,coastal,white shark,Carcharodon carcharias ,unprovoked,swimming
511,1961,SA,coastal,white shark,Carcharodon carcharias ,provoked,spearfishing
512,1961,VIC,coastal,dusky shark,Carcharhinus obscurus,provoked,spearfishing
513,1961,QLD,coastal,bull shark,Carcharhinus leucas,unprovoked,boarding
514,1961,QLD,coastal,tiger shark,Galeocerdo cuvier ,unprovoked,swimming
515,1961,QLD,coastal,tiger shark,Galeocerdo cuvier ,unprovoked,swimming
516,1961,QLD,island open ocean,tiger shark,Galeocerdo cuvier ,unprovoked,swimming
517,1962,NSW,coastal,white shark,Carcharodon carcharias ,unprovoked,boarding
518,1962,NSW,coastal,white shark,Carcharodon carcharias ,unprovoked,boarding
519,1962,QLD,coastal,wobbegong,Orectolobidae,provoked,swimming
520,1962,NSW,coastal,whaler shark,Carcharhinidae,provoked,spearfishing
521,1962,SA,coastal,white shark,Carcharodon carcharias ,provoked,spearfishing
522,1963,NSW,estuary/harbour,bull shark,Carcharhinus leucas,unprovoked,other: standing in water
523,1963,NSW,coastal,bronze whaler shark,Carcharhinus brachyurus,provoked,spearfishing
524,1963,WA,coastal,white shark,Carcharodon carcharias ,unprovoked,boarding
525,1963,SA,coastal,white shark,Carcharodon carcharias ,provoked,spearfishing
526,1964,WA,coastal,whaler shark,Carcharhinidae,provoked,spearfishing
527,1964,WA,coastal,wobbegong,Orectolobidae,provoked,spearfishing
528,1964,SA,coastal,white shark,Carcharodon carcharias ,unprovoked,boarding
529,1964,WA,coastal,NA,NA,provoked,swimming
530,1964,VIC,island open ocean,white shark,Carcharodon carcharias ,provoked,snorkelling
531,1965,VIC,coastal,wobbegong,Orectolobidae,provoked,other: standing in water
532,1965,QLD,coastal,tiger shark,Galeocerdo cuvier ,unprovoked,boarding
533,1965,WA,island open ocean,wobbegong,Orectolobidae,provoked,spearfishing
534,1966,NSW,coastal,white shark,Carcharodon carcharias ,unprovoked,swimming
535,1966,NSW,coastal,white shark,Carcharodon carcharias ,unprovoked,swimming
536,1966,WA,island open ocean,shortfin mako shark,Isurus oxyrinchus,provoked,spearfishing
537,1966,NSW,coastal,wobbegong,Orectolobidae,provoked,spearfishing
538,1966,QLD,island open ocean,bronze whaler shark,Carcharhinus brachyurus,provoked,spearfishing
539,1966,TAS,coastal,white shark,Carcharodon carcharias ,provoked,swimming
540,1966,NSW,coastal,wobbegong,Orectolobidae,provoked,spearfishing
541,1967,NSW,coastal,bronze whaler shark,Carcharhinus brachyurus,provoked,spearfishing
542,1967,WA,coastal,white shark,Carcharodon carcharias ,provoked,spearfishing
543,1968,WA,river,bull shark,Carcharhinus leucas,unprovoked,swimming
544,1968,SA,coastal,bronze whaler shark,Carcharhinus brachyurus,provoked,spearfishing
545,1968,SA,island open ocean,white shark,Carcharodon carcharias ,provoked,diving
546,1969,NSW,coastal,bronze whaler shark,Carcharhinus brachyurus,provoked,snorkelling
547,1969,NSW,coastal,wobbegong,Orectolobidae,provoked,spearfishing
548,1969,WA,river,bull shark,Carcharhinus leucas,unprovoked,swimming
549,1971,TAS,coastal,school shark,Galeorhinus galeus ,unprovoked,swimming
550,1971,WA,coastal,whaler shark,Carcharhinidae,provoked,spearfishing
551,1971,QLD,coastal,tiger shark,Galeocerdo cuvier ,unprovoked,swimming
552,1972,VIC,coastal,white shark,Carcharodon carcharias ,unprovoked,boarding
553,1972,QLD,island open ocean,NA,NA,unprovoked,swimming
554,1972,TAS,coastal,white shark,Carcharodon carcharias ,provoked,diving
555,1972,NSW,coastal,white shark,Carcharodon carcharias ,unprovoked,boarding
556,1972,QLD,ocean/pelagic,whaler shark,Carcharhinidae,provoked,spearfishing
557,1972,SA,coastal,white shark,Carcharodon carcharias ,provoked,diving
558,1973,NSW,coastal,white shark,Carcharodon carcharias ,unprovoked,boarding
559,1973,QLD,coastal,tiger shark,Galeocerdo cuvier ,unprovoked,swimming
560,1973,QLD,island open ocean,white shark,Carcharodon carcharias ,unprovoked,boarding
561,1973,QLD,river,bull shark,Carcharhinus leucas,unprovoked,swimming
562,1974,SA,coastal,white shark,Carcharodon carcharias ,provoked,diving
563,1974,QLD,ocean/pelagic,tiger shark,Galeocerdo cuvier ,unprovoked,swimming
564,1974,WA,coastal,wobbegong,Orectolobidae,unprovoked,diving
565,1975,SA,coastal,white shark,Carcharodon carcharias ,unprovoked,boarding
566,1975,VIC,coastal,white shark,Carcharodon carcharias ,unprovoked,boarding
567,1975,SA,coastal,white shark,Carcharodon carcharias ,provoked,snorkelling
568,1975,VIC,coastal,wobbegong,Orectolobidae,provoked,snorkelling
569,1975,QLD,island open ocean,tiger shark,Galeocerdo cuvier ,unprovoked,swimming
570,1975,QLD,coastal,white shark,Carcharodon carcharias ,unprovoked,boarding
571,1975,TAS,coastal,white shark,Carcharodon carcharias ,provoked,diving
572,1975,NSW,coastal,wobbegong,Orectolobidae,provoked,spearfishing
573,1976,SA,coastal,white shark,Carcharodon carcharias ,provoked,spearfishing
574,1977,NSW,coastal,tiger shark,Galeocerdo cuvier ,unprovoked,boarding
575,1977,QLD,coastal,tiger shark,Galeocerdo cuvier ,unprovoked,swimming
576,1977,QLD,coastal,tiger shark,Galeocerdo cuvier ,unprovoked,swimming
577,1977,QLD,estuary/harbour,bull shark,Carcharhinus leucas,unprovoked,swimming
578,1977,QLD,coastal,tiger shark,Galeocerdo cuvier ,unprovoked,snorkelling
579,1977,SA,coastal,white shark,Carcharodon carcharias ,unprovoked,boarding
580,1978,WA,coastal,white shark,Carcharodon carcharias ,unprovoked,boarding
581,1978,TAS,coastal,white shark,Carcharodon carcharias ,provoked,diving
582,1978,QLD,coastal,bull shark,Carcharhinus leucas,unprovoked,swimming
583,1979,QLD,coastal,bronze whaler shark,Carcharhinus brachyurus,provoked,swimming
584,1979,NSW,coastal,whaler shark,Carcharhinidae,unprovoked,swimming
585,1980,NSW,coastal,wobbegong,Orectolobidae,provoked,diving
586,1980,VIC,coastal,bronze whaler shark,Carcharhinus brachyurus,provoked,spearfishing
587,1980,QLD,coastal,whaler shark,Carcharhinidae,unprovoked,boarding
588,1980,SA,coastal,white shark,Carcharodon carcharias ,unprovoked,boarding
589,1980,QLD,coastal,grey reef shark,Carcharhinus amblyrhynchos,provoked,diving
590,1980,WA,coastal,white shark,Carcharodon carcharias ,unprovoked,swimming
591,1981,NSW,coastal,tiger shark,Galeocerdo cuvier ,unprovoked,boarding
592,1981,WA,island open ocean,wobbegong,Orectolobidae,unprovoked,swimming
593,1981,WA,coastal,wobbegong,Orectolobidae,unprovoked,other: standing in water
594,1981,QLD,island open ocean,tiger shark,Galeocerdo cuvier ,unprovoked,swimming
595,1982,TAS,coastal,white shark,Carcharodon carcharias ,provoked,diving
596,1982,TAS,coastal,white shark,Carcharodon carcharias ,provoked,spearfishing
597,1982,NSW,coastal,white shark,Carcharodon carcharias ,unprovoked,boarding
598,1983,QLD,island open ocean,tiger shark,Galeocerdo cuvier ,unprovoked,swimming
599,1983,QLD,island open ocean,tiger shark,Galeocerdo cuvier ,unprovoked,swimming
600,1983,QLD,island open ocean,tiger shark,Galeocerdo cuvier ,unprovoked,swimming
601,1983,QLD,coastal,tiger shark,Galeocerdo cuvier ,unprovoked,swimming
602,1983,SA,island open ocean,white shark,Carcharodon carcharias ,provoked,diving
603,1984,QLD,island open ocean,tiger shark,Galeocerdo cuvier ,unprovoked,swimming
604,1984,WA,coastal,whaler shark,Carcharhinidae,unprovoked,other: standing in water
605,1984,WA,Coastal,wobbegong,Orectolobidae,unprovoked,other: standing in water
606,1984,TAS,coastal,white shark,Carcharodon carcharias ,provoked,diving
607,1984,NT,coastal,tiger shark,Galeocerdo cuvier ,unprovoked,other: standing in water
608,1984,NSW,coastal,white shark,Carcharodon carcharias ,unprovoked,boarding
609,1984,TAS,coastal,white shark,Carcharodon carcharias ,provoked,diving
610,1984,QLD,coastal,tiger shark,Galeocerdo cuvier ,unprovoked,swimming
611,1985,VIC,coastal,white shark,Carcharodon carcharias ,unprovoked,boarding
612,1985,WA,island open ocean,wobbegong,Orectolobidae,provoked,diving
613,1985,SA,coastal,white shark,Carcharodon carcharias ,unprovoked,snorkelling
614,1985,QLD,coastal,whitetip reef shark,Triaenodon obesus  ,provoked,diving
615,1985,NSW,island open ocean,wobbegong,Orectolobidae,provoked,diving
616,1986,QLD,island open ocean,tiger shark,Galeocerdo cuvier ,provoked,spearfishing
617,1986,NT,coastal,wobbegong,Orectolobidae,provoked,swimming
618,1986,NSW,coastal,wobbegong,Orectolobidae,unprovoked,diving
619,1986,NSW,coastal,wobbegong,Orectolobidae,unprovoked,diving
620,1986,WA,island open ocean,tiger shark,Galeocerdo cuvier ,unprovoked,boarding
621,1987,QLD,island open ocean,tiger shark,Galeocerdo cuvier ,unprovoked,swimming
622,1987,QLD,island open ocean,whitetip reef shark,Triaenodon obesus  ,provoked,diving
623,1987,NSW,ocean/pelagic,wobbegong,Orectolobidae,provoked,diving
624,1987,VIC,coastal,white shark,Carcharodon carcharias ,unprovoked,boarding
625,1987,WA,coastal,white shark,Carcharodon carcharias ,unprovoked,boarding
626,1987,WA,estuary/harbour,wobbegong,Orectolobidae,unprovoked,swimming
627,1987,SA,coastal,white shark,Carcharodon carcharias ,unprovoked,diving
628,1987,NT,coastal,bull shark,Carcharhinus leucas,unprovoked,swimming
629,1987,QLD,island open ocean,hammerhead shark,Sphyrnidae,provoked,diving
630,1988,NSW,coastal,white shark,Carcharodon carcharias ,unprovoked,swimming
631,1988,SA,coastal,white shark,Carcharodon carcharias ,unprovoked,boarding
632,1988,QLD,island open ocean,tiger shark,Galeocerdo cuvier ,provoked,spearfishing
633,1988,VIC,coastal,white shark,Carcharodon carcharias ,unprovoked,boarding
634,1988,QLD,coastal,tiger shark,Galeocerdo cuvier ,unprovoked,swimming
635,1988,QLD,coastal,tiger shark,Galeocerdo cuvier ,unprovoked,swimming
636,1989,NSW,coastal,wobbegong,Orectolobidae,provoked,diving
637,1989,VIC,coastal,white shark,Carcharodon carcharias ,unprovoked,boarding
638,1989,WA,coastal,wobbegong,Orectolobidae,unprovoked,snorkelling
639,1989,NSW,coastal,white shark,Carcharodon carcharias ,unprovoked,boarding
640,1989,WA,coastal,tiger shark,Galeocerdo cuvier ,provoked,snorkelling
641,1989,QLD,island open ocean,whaler shark,Carcharhinidae,provoked,spearfishing
642,1989,SA,coastal,white shark,Carcharodon carcharias ,unprovoked,boarding
643,1989,NSW,coastal,white shark,Carcharodon carcharias ,unprovoked,boarding
644,1989,TAS,estuary/harbour,white shark,Carcharodon carcharias ,unprovoked,boarding
645,1989,NT,coastal,bull shark,Carcharhinus leucas,unprovoked,swimming
646,1989,VIC,coastal,white shark,Carcharodon carcharias ,unprovoked,boarding
647,1989,QLD,river,bull shark,Carcharhinus leucas,unprovoked,swimming
648,1989,WA,island open ocean,wobbegong,Orectolobidae,unprovoked,diving
649,1989,NT,coastal,tiger shark,Galeocerdo cuvier ,provoked,swimming
650,1990,QLD,coastal,tiger shark,Galeocerdo cuvier ,unprovoked,boarding
651,1990,NSW,coastal,white shark,Carcharodon carcharias ,unprovoked,boarding
652,1990,QLD,island open ocean,tiger shark,Galeocerdo cuvier ,provoked,snorkelling
653,1990,QLD,ocean/pelagic,hammerhead shark,Sphyrnidae,provoked,snorkelling
654,1990,QLD,island open ocean,hammerhead shark,Sphyrnidae,provoked,snorkelling
655,1990,QLD,coastal,wobbegong,Orectolobidae,unprovoked,other: standing in water
656,1990,QLD,river,bull shark,Carcharhinus leucas,unprovoked,swimming
657,1990,SA,coastal,white shark,Carcharodon carcharias ,unprovoked,boarding
658,1990,QLD,river,bull shark,Carcharhinus leucas,unprovoked,swimming
659,1991,QLD,coastal,NA,NA,unprovoked,boarding
660,1991,VIC,coastal,bronze whaler shark,Carcharhinus brachyurus,provoked,spearfishing
661,1991,NSW,coastal,dusky shark,Carcharhinus obscurus,unprovoked,snorkelling
662,1991,QLD,river,bull shark,Carcharhinus leucas,unprovoked,swimming
663,1991,NSW,coastal,grey nurse shark,Carcharius taurus,provoked,diving
664,1991,SA,coastal,white shark,Carcharodon carcharias ,unprovoked,diving
665,1991,WA,coastal,white shark,Carcharodon carcharias ,unprovoked,boarding
666,1992,QLD,coastal,white shark,Carcharodon carcharias ,unprovoked,boarding
667,1992,QLD,coastal,tiger shark,Galeocerdo cuvier ,unprovoked,boarding
668,1992,QLD,river,bull shark,Carcharhinus leucas,provoked,NA
669,1992,VIC,coastal,white shark,Carcharodon carcharias ,unprovoked,boarding
670,1992,SA,coastal,white shark,Carcharodon carcharias ,unprovoked,boarding
671,1992,QLD,coastal,white shark,Carcharodon carcharias ,unprovoked,boarding
672,1993,QLD,island open ocean,whitetip reef shark,Triaenodon obesus  ,provoked,spearfishing
673,1993,TAS,island open ocean,white shark,Carcharodon carcharias ,provoked,spearfishing
674,1993,SA,coastal,white shark,Carcharodon carcharias ,provoked,spearfishing
675,1993,TAS,island open ocean,white shark,Carcharodon carcharias ,unprovoked,diving
676,1993,NSW,coastal,white shark,Carcharodon carcharias ,unprovoked,diving
677,1993,WA,Coastal,tiger shark,Galeocerdo cuvier ,provoked,diving
678,1993,QLD,coastal,whaler shark,Carcharhinidae,unprovoked,boarding
679,1994,QLD,river,bull shark,Carcharhinus leucas,unprovoked,swimming
680,1994,QLD,river,bull shark,Carcharhinus leucas,unprovoked,swimming
681,1994,SA,coastal,wobbegong,Orectolobidae,provoked,fishing
682,1994,QLD,coastal,whaler shark,Carcharhinidae,unprovoked,swimming
683,1994,VIC,coastal,wobbegong,Orectolobidae,provoked,diving
684,1995,VIC,island open ocean,sevengill shark,Notorynchus cepedianus,provoked,diving
685,1995,SA,coastal,wobbegong,Orectolobidae,unprovoked,boarding
686,1995,SA,coastal,white shark,Carcharodon carcharias ,unprovoked,boarding
687,1995,NSW,estuary/harbour,bull shark,Carcharhinus leucas,unprovoked,boarding
688,1995,NSW,coastal,wobbegong,Orectolobidae,unprovoked,diving
689,1995,WA,island open ocean,tiger shark,Galeocerdo cuvier ,unprovoked,diving
690,1995,WA,coastal,white shark,Carcharodon carcharias ,unprovoked,diving
691,1995,QLD,coastal,tiger shark,Galeocerdo cuvier ,unprovoked,other: standing in water
692,1995,NSW,estuary/harbour,bull shark,Carcharhinus leucas,provoked,NA
693,1995,QLD,coastal,tiger shark,Galeocerdo cuvier ,unprovoked,swimming
694,1995,NSW,estuary/harbour,bull shark,Carcharhinus leucas,unprovoked,swimming
695,1996,QLD,estuary/harbour,bull shark,Carcharhinus leucas,unprovoked,other: standing in water
696,1996,WA,island open ocean,wobbegong,Orectolobidae,provoked,spearfishing
697,1996,NSW,coastal,bull shark,Carcharhinus leucas,unprovoked,swimming
698,1996,NSW,coastal,galapagos shark,Carcharhinus galapagensis,provoked,other: standing in water
699,1996,QLD,island open ocean,whaler shark,Carcharhinidae,unprovoked,swimming
700,1996,NSW,coastal,wobbegong,Orectolobidae,unprovoked,swimming
701,1996,NSW,river,wobbegong,Orectolobidae,unprovoked,swimming
702,1996,VIC,coastal,white shark,Carcharodon carcharias ,unprovoked,boarding
703,1996,WA,island open ocean,wobbegong,Orectolobidae,unprovoked,other: standing in water
704,1996,VIC,estuary/harbour,wobbegong,Orectolobidae,unprovoked,boarding
705,1996,QLD,coastal,wobbegong,Orectolobidae,unprovoked,boarding
706,1997,QLD,coastal,tiger shark,Galeocerdo cuvier ,unprovoked,snorkelling
707,1997,QLD,coastal,bull shark,Carcharhinus leucas,unprovoked,boarding
708,1997,VIC,island open ocean,white shark,Carcharodon carcharias ,unprovoked,unmotorised boating
709,1997,QLD,coastal,grey reef shark,Carcharhinus amblyrhynchos,unprovoked,diving
710,1997,QLD,river,bull shark,Carcharhinus leucas,unprovoked,swimming
711,1997,NSW,river,bull shark,Carcharhinus leucas,unprovoked,unmotorised boating
712,1997,QLD,coastal,tiger shark,Galeocerdo cuvier ,unprovoked,boarding
713,1997,WA,coastal,white shark,Carcharodon carcharias ,unprovoked,boarding
714,1997,VIC,coastal,white shark,Carcharodon carcharias ,unprovoked,boarding
715,1997,WA,coastal,white shark,Carcharodon carcharias ,unprovoked,diving
716,1997,WA,coastal,wobbegong,Orectolobidae,unprovoked,other: standing in water
717,1997,NSW,coastal,wobbegong,Orectolobidae,unprovoked,swimming
718,1997,QLD,coastal,bull shark,Carcharhinus leucas,unprovoked,swimming
719,1998,WA,island open ocean,wobbegong,Orectolobidae,provoked,diving
720,1998,QLD,island open ocean,tiger shark,Galeocerdo cuvier ,unprovoked,snorkelling
721,1998,SA,coastal,wobbegong,Orectolobidae,unprovoked,boarding
722,1998,SA,coastal,white shark,Carcharodon carcharias ,unprovoked,snorkelling
723,1998,NSW,coastal,wobbegong,Orectolobidae,unprovoked,diving
724,1998,QLD,coastal,wobbegong,Orectolobidae,provoked,diving
725,1998,SA,coastal,wobbegong,Orectolobidae,unprovoked,boarding
726,1998,NSW,estuary/harbour,whaler shark,Carcharhinidae,provoked,spearfishing
727,1999,NSW,ocean/pelagic,white shark,Carcharodon carcharias ,unprovoked,boarding
728,1999,SA,coastal,white shark,Carcharodon carcharias ,unprovoked,boarding
729,1999,QLD,coastal,wobbegong,Orectolobidae,provoked,diving
730,1999,NSW,ocean/pelagic,bronze whaler shark,Carcharhinus brachyurus,unprovoked,diving
731,1999,WA,coastal,white shark,Carcharodon carcharias ,provoked,diving
732,2000,NSW,coastal,white shark,Carcharodon carcharias ,unprovoked,boarding
733,2000,SA,coastal,white shark,Carcharodon carcharias ,unprovoked,boarding
734,2000,WA,coastal,wobbegong,Orectolobidae,unprovoked,swimming
735,2000,QLD,coastal,white shark,Carcharodon carcharias ,unprovoked,swimming
736,2000,WA,coastal,white shark,Carcharodon carcharias ,unprovoked,boarding
737,2000,NSW,coastal,white shark,Carcharodon carcharias ,unprovoked,boarding
738,2000,NSW,estuary/harbour,bull shark,Carcharhinus leucas,unprovoked,swimming
739,2000,NSW,river,bull shark,Carcharhinus leucas,unprovoked,unmotorised boating
740,2000,NSW,coastal,whaler shark,Carcharhinidae,unprovoked,boarding
741,2000,WA,coastal,wobbegong,Orectolobidae,provoked,other: standing in water
742,2000,SA,coastal,white shark,Carcharodon carcharias ,unprovoked,boarding
743,2000,SA,coastal,white shark,Carcharodon carcharias ,unprovoked,boarding
744,2000,QLD,island open ocean,tiger shark,Galeocerdo cuvier ,provoked,diving
745,2000,WA,coastal,white shark,Carcharodon carcharias ,unprovoked,swimming
746,2000,NSW,coastal,white shark,Carcharodon carcharias ,unprovoked,swimming
747,2000,SA,coastal,white shark,Carcharodon carcharias ,provoked,diving
748,2000,WA,coastal,white shark,Carcharodon carcharias ,unprovoked,swimming
749,2000,QLD,coastal,whaler shark,Carcharhinidae,provoked,spearfishing
750,2000,QLD,coastal,wobbegong,Orectolobidae,unprovoked,diving
751,2001,QLD,coastal,tiger shark,Galeocerdo cuvier ,unprovoked,boarding
752,2001,NSW,coastal,white shark,Carcharodon carcharias ,unprovoked,unmotorised boating
753,2001,NSW,coastal,tiger shark,Galeocerdo cuvier ,unprovoked,boarding
754,2001,WA,coastal,wobbegong,Orectolobidae,unprovoked,snorkelling
755,2001,NSW,estuary/harbour,wobbegong,Orectolobidae,unprovoked,boarding
756,2001,NSW,coastal,wobbegong,Orectolobidae,provoked,snorkelling
757,2001,NSW,coastal,white shark,Carcharodon carcharias ,unprovoked,boarding
758,2001,QLD,coastal,tiger shark,Galeocerdo cuvier ,unprovoked,unmotorised boating
759,2001,QLD,coastal,silvertip shark,Carcharhinus albimarginatus,provoked,snorkelling
760,2001,NSW,coastal,white shark,Carcharodon carcharias ,unprovoked,boarding
761,2001,NSW,coastal,wobbegong,Orectolobidae,unprovoked,swimming
762,2001,WA,coastal,white shark,Carcharodon carcharias ,unprovoked,boarding
763,2001,WA,coastal,white shark,Carcharodon carcharias ,provoked,spearfishing
764,2002,WA,estuary/harbour,shortfin mako shark,Isurus oxyrinchus,unprovoked,swimming
765,2002,NSW,island open ocean,bull shark,Carcharhinus leucas,unprovoked,boarding
766,2002,QLD,coastal,whaler shark,Carcharhinidae,unprovoked,boarding
767,2002,NSW,river,bull shark,Carcharhinus leucas,unprovoked,unmotorised boating
768,2002,NSW,coastal,bull shark,Carcharhinus leucas,provoked,spearfishing
769,2002,SA,coastal,white shark,Carcharodon carcharias ,provoked,diving
770,2002,NSW,coastal,wobbegong,Orectolobidae,unprovoked,swimming
771,2002,WA,coastal,white shark,Carcharodon carcharias ,unprovoked,boarding
772,2002,QLD,coastal,hammerhead shark,Sphyrnidae,provoked,snorkelling
773,2002,NSW,coastal,wobbegong,Orectolobidae,unprovoked,diving
774,2002,QLD,river,bull shark,Carcharhinus leucas,unprovoked,swimming
775,2003,NSW,coastal,wobbegong,Orectolobidae,unprovoked,swimming
776,2003,SA,coastal,white shark,Carcharodon carcharias ,unprovoked,boarding
777,2003,SA,coastal,wobbegong,Orectolobidae,unprovoked,other: standing in water
778,2003,QLD,coastal,bull shark,Carcharhinus leucas,unprovoked,swimming
779,2003,NSW,coastal,whaler shark,Carcharhinidae,unprovoked,boarding
780,2003,WA,coastal,wobbegong,Orectolobidae,provoked,diving
781,2003,NT,island open ocean,tiger shark,Galeocerdo cuvier ,unprovoked,unmotorised boating
782,2003,NSW,coastal,wobbegong,Orectolobidae,unprovoked,boarding
783,2003,NSW,coastal,wobbegong,Orectolobidae,unprovoked,boarding
784,2003,WA,coastal,wobbegong,Orectolobidae,provoked,swimming
785,2003,WA,coastal,wobbegong,Orectolobidae,provoked,swimming
786,2003,WA,river,wobbegong,Orectolobidae,provoked,spearfishing
787,2003,VIC,coastal,whaler shark,Carcharhinidae,unprovoked,swimming
788,2004,WA,coastal,wobbegong,Orectolobidae,unprovoked,swimming
789,2004,NSW,coastal,whaler shark,Carcharhinidae,unprovoked,diving
790,2004,NSW,coastal,wobbegong,Orectolobidae,unprovoked,swimming
791,2004,NSW,coastal,wobbegong,Orectolobidae,unprovoked,swimming
792,2004,WA,coastal,white shark,Carcharodon carcharias ,provoked,spearfishing
793,2004,VIC,coastal,white shark,Carcharodon carcharias ,provoked,diving
794,2004,NSW,coastal,blind shark,Brachaelurus waddi,provoked,spearfishing
795,2004,WA,coastal,wobbegong,Orectolobidae,unprovoked,snorkelling
796,2004,WA,coastal,wobbegong,Orectolobidae,unprovoked,snorkelling
797,2004,WA,Coastal,bronze whaler shark,Carcharhinus brachyurus,provoked,spearfishing
798,2004,NSW,coastal,wobbegong,Orectolobidae,unprovoked,diving
799,2004,WA,coastal,wobbegong,Orectolobidae,unprovoked,snorkelling
800,2004,WA,ocean/pelagic,white shark,Carcharodon carcharias ,provoked,diving
801,2004,WA,coastal,white shark,Carcharodon carcharias ,unprovoked,boarding
802,2004,WA,island open ocean,wobbegong,Orectolobidae,unprovoked,diving
803,2004,WA,coastal,white shark,Carcharodon carcharias ,unprovoked,boarding
804,2004,NSW,Coastal,grey nurse shark,Carcharius taurus,provoked,spearfishing
805,2004,VIC,coastal,white shark,Carcharodon carcharias ,unprovoked,boarding
806,2004,QLD,Ocean/pelagic,tiger shark,Galeocerdo cuvier ,provoked,snorkelling
807,2004,NSW,coastal,white shark,Carcharodon carcharias ,unprovoked,boarding
808,2004,NSW,coastal,wobbegong,Orectolobidae,unprovoked,boarding
809,2004,QLD,island open ocean,tiger shark,Galeocerdo cuvier ,provoked,spearfishing
810,2004,SA,coastal,white shark,Carcharodon carcharias ,unprovoked,boarding
811,2005,VIC,coastal,white shark,Carcharodon carcharias ,provoked,spearfishing
812,2005,QLD,river,bull shark,Carcharhinus leucas,unprovoked,swimming
813,2005,NSW,coastal,white shark,Carcharodon carcharias ,unprovoked,boarding
814,2005,WA,island open ocean,white shark,Carcharodon carcharias ,unprovoked,snorkelling
815,2005,NT,island open ocean,whaler shark,Carcharhinidae,provoked,spearfishing
816,2005,NSW,coastal,white shark,Carcharodon carcharias ,unprovoked,boarding
817,2005,QLD,coastal,blacktip reef shark,Carcharhinus melanopterus,provoked,spearfishing
818,2005,SA,coastal,white shark,Carcharodon carcharias ,unprovoked,diving
819,2005,NSW,coastal,tiger shark,Galeocerdo cuvier ,unprovoked,boarding
820,2005,NSW,coastal,wobbegong,Orectolobidae,unprovoked,boarding
821,2005,WA,coastal,white shark,Carcharodon carcharias ,unprovoked,boarding
822,2005,SA,coastal,white shark,Carcharodon carcharias ,unprovoked,boarding
823,2005,SA,coastal,white shark,Carcharodon carcharias ,unprovoked,boarding
824,2005,VIC,coastal,white shark,Carcharodon carcharias ,unprovoked,boarding
825,2005,QLD,ocean/pelagic,bronze whaler shark,Carcharhinus brachyurus,unprovoked,diving
826,2005,QLD,coastal,whitetip reef shark,Triaenodon obesus  ,provoked,spearfishing
827,2006,QLD,coastal,bull shark,Carcharhinus leucas,unprovoked,swimming
828,2006,WA,coastal,white shark,Carcharodon carcharias ,provoked,spearfishing
829,2006,QLD,coastal,wobbegong,Orectolobidae,unprovoked,other: standing in water
830,2006,NSW,coastal,whaler shark,Carcharhinidae,unprovoked,boarding
831,2006,NSW,coastal,wobbegong,Orectolobidae,unprovoked,boarding
832,2006,QLD,coastal,wobbegong,Orectolobidae,provoked,diving
833,2006,NSW,Coastal,white shark,Carcharodon carcharias ,provoked,spearfishing
834,2006,WA,island open ocean,white shark,Carcharodon carcharias ,unprovoked,boarding
835,2006,WA,coastal,grey reef shark,Carcharhinus amblyrhynchos,provoked,spearfishing
836,2006,VIC,coastal,white shark,Carcharodon carcharias ,unprovoked,boarding
837,2007,NSW,coastal,white shark,Carcharodon carcharias ,unprovoked,boarding
838,2007,NSW,Coastal,white shark,Carcharodon carcharias ,provoked,diving
839,2007,NSW,coastal,white shark,Carcharodon carcharias ,unprovoked,boarding
840,2007,NSW,estuary/harbour,white shark,Carcharodon carcharias ,unprovoked,boarding
841,2007,QLD,coastal,bull shark,Carcharhinus leucas,unprovoked,swimming
842,2007,QLD,island open ocean,NA,NA,unprovoked,swimming
843,2007,WA,coastal,whitetip reef shark,Triaenodon obesus  ,provoked,swimming
844,2007,NSW,coastal,bull shark,Carcharhinus leucas,unprovoked,boarding
845,2007,NSW,coastal,wobbegong,Orectolobidae,unprovoked,diving
846,2007,WA,coastal,white shark,Carcharodon carcharias ,unprovoked,boarding
847,2007,WA,coastal,wobbegong,Orectolobidae,provoked,swimming
848,2007,QLD,ocean/pelagic,whaler shark,Carcharhinidae,provoked,spearfishing
849,2007,NSW,coastal,white shark,Carcharodon carcharias ,unprovoked,boarding
850,2007,NSW,coastal,white shark,Carcharodon carcharias ,unprovoked,boarding
851,2007,NSW,coastal,wobbegong,Orectolobidae,unprovoked,boarding
852,2007,QLD,coastal,whaler shark,Carcharhinidae,unprovoked,swimming
853,2007,NSW,estuary/harbour,white shark,Carcharodon carcharias ,unprovoked,boarding
854,2008,TAS,estuary/harbour,white shark,Carcharodon carcharias ,unprovoked,unmotorised boating
855,2008,NSW,coastal,wobbegong,Orectolobidae,unprovoked,diving
856,2008,WA,island open ocean,wobbegong,Orectolobidae,unprovoked,swimming
857,2008,VIC,estuary/harbour,wobbegong,Orectolobidae,unprovoked,swimming
858,2008,QLD,coastal,wobbegong,Orectolobidae,unprovoked,other: standing in water
859,2008,NSW,coastal,bull shark,Carcharhinus leucas,unprovoked,boarding
860,2008,WA,coastal,wobbegong,Orectolobidae,provoked,swimming
861,2008,WA,coastal,white shark,Carcharodon carcharias ,unprovoked,swimming
862,2008,VIC,coastal,white shark,Carcharodon carcharias ,unprovoked,boarding
863,2008,NSW,coastal,white shark,Carcharodon carcharias ,unprovoked,boarding
864,2008,NSW,coastal,white shark,Carcharodon carcharias ,unprovoked,boarding
865,2008,NSW,estuary/harbour,whaler shark,Carcharhinidae,unprovoked,boarding
866,2008,WA,coastal,white shark,Carcharodon carcharias ,provoked,snorkelling
867,2008,NSW,coastal,white shark,Carcharodon carcharias ,provoked,unmotorised boating
868,2009,NSW,river,dusky shark,Carcharhinus obscurus,provoked,spearfishing
869,2009,QLD,island open ocean,grey reef shark,Carcharhinus amblyrhynchos,provoked,diving
870,2009,NSW,estuary/harbour,white shark,Carcharodon carcharias ,unprovoked,boarding
871,2009,TAS,coastal,white shark,Carcharodon carcharias ,unprovoked,boarding
872,2009,NSW,coastal,NA,NA,unprovoked,swimming
873,2009,NSW,coastal,white shark,Carcharodon carcharias ,unprovoked,boarding
874,2009,NSW,coastal,bull shark,Carcharhinus leucas,unprovoked,diving
875,2009,NSW,coastal,white shark,Carcharodon carcharias ,unprovoked,boarding
876,2009,NSW,estuary/harbour,white shark,Carcharodon carcharias ,unprovoked,boarding
877,2009,NSW,coastal,white shark,Carcharodon carcharias ,unprovoked,boarding
878,2009,NSW,coastal,white shark,Carcharodon carcharias ,unprovoked,boarding
879,2009,NSW,coastal,whaler shark,Carcharhinidae,unprovoked,boarding
880,2009,NSW,coastal,wobbegong,Orectolobidae,unprovoked,diving
881,2009,WA,coastal,white shark,Carcharodon carcharias ,unprovoked,boarding
882,2009,WA,island open ocean,wobbegong,Orectolobidae,provoked,swimming
883,2009,NSW,coastal,bull shark,Carcharhinus leucas,unprovoked,boarding
884,2009,NSW,coastal,wobbegong,Orectolobidae,unprovoked,boarding
885,2009,NSW,coastal,whaler shark,Carcharhinidae,unprovoked,boarding
886,2009,WA,island open ocean,white shark,Carcharodon carcharias ,provoked,spearfishing
887,2009,WA,island open ocean,whaler shark,Carcharhinidae,unprovoked,boarding
888,2009,VIC,coastal,white shark,Carcharodon carcharias ,unprovoked,unmotorised boating
889,2009,NSW,coastal,white shark,Carcharodon carcharias ,unprovoked,boarding
890,2009,SA,coastal,white shark,Carcharodon carcharias ,provoked,spearfishing
891,2009,QLD,island open ocean,whaler shark,Carcharhinidae,provoked,spearfishing
892,2009,NSW,coastal,wobbegong,Orectolobidae,provoked,other: standing in water
893,2009,NSW,coastal,white shark,Carcharodon carcharias ,unprovoked,unmotorised boating
894,2009,NSW,coastal,white shark,Carcharodon carcharias ,unprovoked,boarding
895,2009,NSW,coastal,white shark,Carcharodon carcharias ,unprovoked,boarding
896,2010,QLD,coastal,white shark,Carcharodon carcharias ,unprovoked,boarding
897,2010,VIC,coastal,white shark,Carcharodon carcharias ,unprovoked,boarding
898,2010,QLD,coastal,whitetip reef shark,Triaenodon obesus  ,unprovoked,snorkelling
899,2010,NSW,coastal,white shark,Carcharodon carcharias ,unprovoked,boarding
900,2010,QLD,coastal,bull shark,Carcharhinus leucas,unprovoked,snorkelling
901,2010,NSW,coastal,wobbegong,Orectolobidae,unprovoked,other: standing in water
902,2010,NSW,coastal,bull shark,Carcharhinus leucas,unprovoked,boarding
903,2010,WA,coastal,white shark,Carcharodon carcharias ,unprovoked,boarding
904,2010,NSW,coastal,white shark,Carcharodon carcharias ,unprovoked,boarding
905,2010,WA,coastal,white shark,Carcharodon carcharias ,unprovoked,boarding
906,2010,NSW,island open ocean,white shark,Carcharodon carcharias ,unprovoked,boarding
907,2010,WA,Coastal,white shark,Carcharodon carcharias ,unprovoked,boarding
908,2010,NSW,coastal,wobbegong,Orectolobidae,unprovoked,boarding
909,2010,WA,island open ocean,white shark,Carcharodon carcharias ,unprovoked,snorkelling
910,2011,SA,island open ocean,white shark,Carcharodon carcharias ,provoked,diving
911,2011,WA,coastal,whaler shark,Carcharhinidae,unprovoked,snorkelling
912,2011,NSW,coastal,white shark,Carcharodon carcharias ,unprovoked,boarding
913,2011,NSW,coastal,white shark,Carcharodon carcharias ,unprovoked,boarding
914,2011,WA,coastal,whaler shark,Carcharhinidae,provoked,fishing
915,2011,NSW,coastal,wobbegong,Orectolobidae,provoked,diving
916,2011,QLD,coastal,tiger shark,Galeocerdo cuvier ,unprovoked,swimming
917,2011,WA,coastal,white shark,Carcharodon carcharias ,unprovoked,boarding
918,2011,WA,island open ocean,white shark,Carcharodon carcharias ,unprovoked,diving
919,2011,VIC,coastal,port jackson shark,Heterodontus portusjacksoni,provoked,diving
920,2011,WA,coastal,white shark,Carcharodon carcharias ,unprovoked,swimming
921,2011,QLD,island open ocean,wobbegong,Orectolobidae,provoked,swimming
922,2011,NSW,coastal,white shark,Carcharodon carcharias ,unprovoked,boarding
923,2011,NSW,coastal,wobbegong,Orectolobidae,provoked,boarding
924,2011,NSW,coastal,white shark,Carcharodon carcharias ,unprovoked,boarding
925,2012,NSW,coastal,white shark,Carcharodon carcharias ,unprovoked,boarding
926,2012,NSW,estuary/harbour,tiger shark,Galeocerdo cuvier ,provoked,spearfishing
927,2012,NSW,coastal,white shark,Carcharodon carcharias ,unprovoked,boarding
928,2012,WA,coastal,tiger shark,Galeocerdo cuvier ,unprovoked,snorkelling
929,2012,NSW,coastal,white shark,Carcharodon carcharias ,unprovoked,boarding
930,2012,NSW,island open ocean,wobbegong,Orectolobidae,provoked,fishing
931,2012,QLD,coastal,whaler shark,Carcharhinidae,unprovoked,boarding
932,2012,QLD,coastal,bull shark,Carcharhinus leucas,provoked,boarding
933,2012,NSW,coastal,NA,NA,unprovoked,unmotorised boating
934,2012,WA,coastal,white shark,Carcharodon carcharias ,unprovoked,diving
935,2012,SA,coastal,white shark,Carcharodon carcharias ,unprovoked,unmotorised boating
936,2012,NSW,ocean/pelagic,wobbegong,Orectolobidae,provoked,diving
937,2012,NSW,coastal,white shark,Carcharodon carcharias ,unprovoked,unmotorised boating
938,2012,VIC,coastal,white shark,Carcharodon carcharias ,unprovoked,boarding
939,2012,TAS,coastal,white shark,Carcharodon carcharias ,unprovoked,boarding
940,2012,WA,coastal,white shark,Carcharodon carcharias ,unprovoked,unmotorised boating
941,2012,SA,coastal,white shark,Carcharodon carcharias ,unprovoked,boarding
942,2012,WA,Coastal,white shark,Carcharodon carcharias ,unprovoked,boarding
943,2012,WA,coastal,tiger shark,Galeocerdo cuvier ,unprovoked,boarding
944,2012,WA,coastal,white shark,Carcharodon carcharias ,unprovoked,boarding
945,2012,NSW,coastal,bull shark,Carcharhinus leucas,unprovoked,boarding
946,2012,NSW,estuary/harbour,grey nurse shark,Carcharius taurus,provoked,spearfishing
947,2012,NSW,coastal,white shark,Carcharodon carcharias ,unprovoked,boarding
948,2013,WA,island open ocean,whaler shark,Carcharhinidae,provoked,spearfishing
949,2013,QLD,coastal,tiger shark,Galeocerdo cuvier ,unprovoked,boarding
950,2013,WA,coastal,bronze whaler shark,Carcharhinus brachyurus,provoked,spearfishing
951,2013,NSW,coastal,wobbegong,Orectolobidae,provoked,swimming
952,2013,WA,coastal,white shark,Carcharodon carcharias ,unprovoked,boarding
953,2013,NSW,coastal,wobbegong,Orectolobidae,provoked,swimming
954,2013,NSW,coastal,white shark,Carcharodon carcharias ,unprovoked,boarding
955,2013,VIC,coastal,white shark,Carcharodon carcharias ,unprovoked,swimming
956,2013,NSW,coastal,wobbegong,Orectolobidae,provoked,boarding
957,2013,WA,coastal,grey reef shark,Carcharhinus amblyrhynchos,unprovoked,snorkelling
958,2013,WA,ocean/pelagic,white shark,Carcharodon carcharias ,provoked,diving
959,2013,NSW,coastal,tiger shark,Galeocerdo cuvier ,unprovoked,boarding
960,2013,WA,coastal,white shark,Carcharodon carcharias ,unprovoked,boarding
961,2013,QLD,coastal,wobbegong,Orectolobidae,unprovoked,diving
962,2013,NSW,coastal,wobbegong,Orectolobidae,unprovoked,boarding
963,2014,SA,coastal,white shark,Carcharodon carcharias ,provoked,spearfishing
964,2014,WA,coastal,white shark,Carcharodon carcharias ,provoked,spearfishing
965,2014,VIC,island open ocean,white shark,Carcharodon carcharias ,unprovoked,boarding
966,2014,NSW,coastal,wobbegong,Orectolobidae,provoked,swimming
967,2014,NSW,coastal,white shark,Carcharodon carcharias ,unprovoked,swimming
968,2014,WA,ocean/pelagic,whaler shark,Carcharhinidae,provoked,spearfishing
969,2014,SA,coastal,white shark,Carcharodon carcharias ,unprovoked,boarding
970,2014,QLD,river,bull shark,Carcharhinus leucas,unprovoked,swimming
971,2014,SA,coastal,white shark,Carcharodon carcharias ,unprovoked,boarding
972,2014,NSW,coastal,wobbegong,Orectolobidae,provoked,boarding
973,2014,SA,coastal,white shark,Carcharodon carcharias ,unprovoked,boarding
974,2014,SA,coastal,white shark,Carcharodon carcharias ,unprovoked,boarding
975,2014,WA,coastal,whaler shark,Carcharhinidae,provoked,spearfishing
976,2014,NSW,coastal,white shark,Carcharodon carcharias ,unprovoked,snorkelling
977,2014,NSW,coastal,wobbegong,Orectolobidae,unprovoked,swimming
978,2014,NSW,coastal,wobbegong,Orectolobidae,provoked,boarding
979,2014,NSW,coastal,wobbegong,Orectolobidae,provoked,boarding
980,2014,WA,coastal,white shark,Carcharodon carcharias ,unprovoked,boarding
981,2014,NSW,coastal,wobbegong,Orectolobidae,provoked,swimming
982,2014,NSW,coastal,wobbegong,Orectolobidae,provoked,snorkelling
983,2014,NSW,coastal,wobbegong,Orectolobidae,unprovoked,swimming
984,2014,WA,coastal,bronze whaler shark,Carcharhinus brachyurus,unprovoked,boarding
985,2014,NSW,coastal,NA,NA,unprovoked,boarding
986,2014,WA,coastal,white shark,Carcharodon carcharias ,provoked,spearfishing
987,2014,QLD,island open ocean,tiger shark,Galeocerdo cuvier ,provoked,spearfishing
988,2015,NSW,coastal,white shark,Carcharodon carcharias ,unprovoked,boarding
989,2015,NSW,coastal,wobbegong,Orectolobidae,provoked,other: standing in water
990,2015,QLD,river,bull shark,Carcharhinus leucas,unprovoked,unmotorised boating
991,2015,NSW,coastal,white shark,Carcharodon carcharias ,unprovoked,boarding
992,2015,NSW,coastal,bronze whaler shark,Carcharhinus brachyurus,provoked,spearfishing
993,2015,NSW,coastal,white shark,Carcharodon carcharias ,unprovoked,boarding
994,2015,NSW,coastal,white shark,Carcharodon carcharias ,unprovoked,boarding
995,2015,NSW,coastal,wobbegong,Orectolobidae,unprovoked,swimming
996,2015,NSW,estuary/harbour,galapagos shark,Carcharhinus galapagensis,provoked,swimming
997,2015,NSW,coastal,galapagos shark,Carcharhinus galapagensis,provoked,swimming
998,2015,NSW,coastal,wobbegong,Orectolobidae,provoked,boarding
999,2015,SA,coastal,white shark,Carcharodon carcharias ,unprovoked,boarding
1000,2015,NSW,coastal,white shark,Carcharodon carcharias ,unprovoked,boarding
1001,2015,WA,coastal,white shark,Carcharodon carcharias ,unprovoked,boarding
1002,2015,WA,island open ocean,wobbegong,Orectolobidae,provoked,swimming
1003,2015,NSW,coastal,white shark,Carcharodon carcharias ,unprovoked,boarding
1004,2015,NSW,coastal,tiger shark,Galeocerdo cuvier ,provoked,spearfishing
1005,2015,QLD,coastal,white shark,Carcharodon carcharias ,unprovoked,boarding
1006,2015,TAS,coastal,white shark,Carcharodon carcharias ,provoked,diving
1007,2015,TAS,estuary/harbour,white shark,Carcharodon carcharias ,provoked,diving
1008,2015,NSW,coastal,white shark,Carcharodon carcharias ,unprovoked,boarding
1009,2015,NSW,coastal,white shark,Carcharodon carcharias ,unprovoked,boarding
1010,2015,NSW,coastal,white shark,Carcharodon carcharias ,unprovoked,boarding
1011,2015,VIC,coastal,white shark,Carcharodon carcharias ,unprovoked,boarding
1012,2015,NSW,coastal,white shark,Carcharodon carcharias ,unprovoked,boarding
1013,2015,NSW,coastal,white shark,Carcharodon carcharias ,unprovoked,boarding
1014,2015,QLD,island open ocean,tiger shark,Galeocerdo cuvier ,unprovoked,boarding
1015,2015,NSW,coastal,NA,NA,provoked,boarding
1016,2015,NSW,coastal,white shark,Carcharodon carcharias ,unprovoked,boarding
1017,2015,QLD,island open ocean,NA,NA,unprovoked,snorkelling
1018,2015,WA,coastal,white shark,Carcharodon carcharias ,provoked,spearfishing
1019,2015,WA,coastal,grey nurse shark,Carcharius taurus,unprovoked,boarding
1020,2015,NSW,coastal,bull shark,Carcharhinus leucas,unprovoked,boarding
1021,2016,QLD,coastal,wobbegong,Orectolobidae,provoked,boarding
1022,2016,QLD,island open ocean,blacktip reef shark,Carcharhinus melanopterus,unprovoked,swimming
1023,2016,QLD,coastal,tiger shark,Galeocerdo cuvier ,provoked,spearfishing
1024,2016,NSW,island open ocean,white shark,Carcharodon carcharias ,unprovoked,boarding
1025,2016,NSW,coastal,wobbegong,Orectolobidae,provoked,spearfishing
1026,2016,TAS,coastal,white shark,Carcharodon carcharias ,unprovoked,boarding
1027,2016,NSW,coastal,white shark,Carcharodon carcharias ,unprovoked,boarding
1028,2016,SA,coastal,bronze whaler shark,Carcharhinus brachyurus,provoked,fishing
1029,2016,NSW,coastal,white shark,Carcharodon carcharias ,unprovoked,boarding
1030,2016,NSW,coastal,white shark,Carcharodon carcharias ,unprovoked,boarding
1031,2016,NSW,coastal,wobbegong,Orectolobidae,provoked,swimming
1032,2016,WA,coastal,white shark,Carcharodon carcharias ,unprovoked,boarding
1033,2016,NSW,coastal,bronze whaler shark,Carcharhinus brachyurus,provoked,spearfishing
1034,2016,WA,ocean/pelagic,white shark,Carcharodon carcharias ,unprovoked,diving
1035,2016,WA,ocean/pelagic,grey reef shark,Carcharhinus amblyrhynchos,provoked,spearfishing
1036,2016,NSW,coastal,NA,NA,unprovoked,boarding
1037,2016,NSW,coastal,bronze whaler shark,Carcharhinus brachyurus,provoked,spearfishing
1038,2016,NSW,coastal,NA,NA,provoked,spearfishing
1039,2016,NSW,coastal,white shark,Carcharodon carcharias ,unprovoked,boarding
1040,2016,NSW,coastal,white shark,Carcharodon carcharias ,unprovoked,boarding
1041,2016,VIC,coastal,white shark,Carcharodon carcharias ,unprovoked,boarding
1042,2016,NSW,coastal,white shark,Carcharodon carcharias ,unprovoked,boarding
1043,2016,WA,coastal,white shark,Carcharodon carcharias ,unprovoked,boarding
1044,2016,QLD,coastal,white shark,Carcharodon carcharias ,unprovoked,boarding
1045,2016,NSW,coastal,white shark,Carcharodon carcharias ,unprovoked,boarding
1046,2016,NSW,coastal,white shark,Carcharodon carcharias ,unprovoked,boarding
1047,2016,QLD,coastal,lemon shark,Negaprion brevirostris,provoked,swimming
1048,2016,NSW,coastal,white shark,Carcharodon carcharias ,unprovoked,boarding
1049,2016,QLD,river,bull shark,Carcharhinus leucas,provoked,spearfishing
1050,2016,WA,coastal,whaler shark,Carcharhinidae,unprovoked,snorkelling
1051,2016,WA,coastal,NA,NA,unprovoked,snorkelling
1052,2017,QLD,island open ocean,whaler shark,Carcharhinidae,unprovoked,snorkelling
1053,2017,NSW,estuary/harbour,wobbegong,Orectolobidae,provoked,swimming
1054,2017,QLD,coastal,NA,NA,unprovoked,swimming
1055,2017,QLD,coastal,whaler shark,Carcharhinidae,provoked,spearfishing
1056,2017,WA,coastal,NA,NA,unprovoked,boarding
1057,2017,QLD,island open ocean,tiger shark,Galeocerdo cuvier ,unprovoked,snorkelling
1058,2017,WA,coastal,bull shark,Carcharhinus leucas,unprovoked,snorkelling
1059,2017,NSW,coastal,NA,NA,unprovoked,boarding
1060,2017,QLD,coastal,NA,NA,unprovoked,unmotorised boating
1061,2017,NSW,coastal,grey nurse shark,Carcharius taurus,provoked,boarding
1062,2017,WA,coastal,white shark,Carcharodon carcharias ,unprovoked,boarding
1063,2017,NSW,coastal,white shark,Carcharodon carcharias ,unprovoked,boarding
1064,2017,WA,coastal,white shark,Carcharodon carcharias ,unprovoked,boarding
1065,2017,VIC,coastal,white shark,Carcharodon carcharias ,unprovoked,boarding
1066,2017,NSW,coastal,white shark,Carcharodon carcharias ,unprovoked,boarding
1067,2017,WA,coastal,white shark,Carcharodon carcharias ,unprovoked,boarding
1068,2017,WA,estuary/harbour,whaler shark,Carcharhinidae,unprovoked,swimming
1069,2017,SA,coastal,white shark,Carcharodon carcharias ,unprovoked,unmotorised boating
1070,2017,NSW,coastal,wobbegong,Orectolobidae,provoked,boarding
1071,2017,NSW,coastal,white shark,Carcharodon carcharias ,unprovoked,boarding
1072,2017,NSW,coastal,grey nurse shark,Carcharius taurus,unprovoked,boarding
1073,2018,WA,other: fish farm,bull shark,Carcharhinus leucas,provoked,swimming
1074,2018,NSW,island open ocean,white shark,Carcharodon carcharias ,unprovoked,snorkelling
1075,2018,WA,coastal,wobbegong,Orectolobidae,unprovoked,boarding
1076,2018,QLD,island open ocean,grey reef shark,Carcharhinus amblyrhynchos,provoked,snorkelling
1077,2018,WA,coastal,whaler shark,Carcharhinidae,provoked,spearfishing
1078,2018,NSW,coastal,whaler shark,Carcharhinidae,unprovoked,other: standing in water
1079,2018,WA,coastal,wobbegong,Orectolobidae,unprovoked,swimming
1080,2018,WA,coastal,wobbegong,Orectolobidae,provoked,snorkelling
1081,2018,NSW,coastal,white shark,Carcharodon carcharias ,unprovoked,swimming
1082,2018,WA,coastal,tiger shark,Galeocerdo cuvier ,provoked,snorkelling
1083,2018,VIC,coastal,bronze whaler shark,Carcharhinus brachyurus,unprovoked,boarding
1084,2018,WA,coastal,white shark,Carcharodon carcharias ,unprovoked,boarding
1085,2018,WA,coastal,white shark,Carcharodon carcharias ,unprovoked,boarding
1086,2018,WA,coastal,white shark,Carcharodon carcharias ,unprovoked,boarding
1087,2018,WA,coastal,white shark,Carcharodon carcharias ,unprovoked,boarding
1088,2018,NSW,coastal,wobbegong,Orectolobidae,unprovoked,boarding
1089,2018,NSW,coastal,white shark,Carcharodon carcharias ,unprovoked,boarding
1090,2018,QLD,coastal,tiger shark,Galeocerdo cuvier ,unprovoked,swimming
1091,2018,QLD,coastal,tiger shark,Galeocerdo cuvier ,unprovoked,swimming
1092,2018,NT,island open ocean,bull shark,Carcharhinus leucas,unprovoked,NA
1093,2018,NSW,coastal,wobbegong,Orectolobidae,provoked,swimming
1094,2018,QLD,coastal,NA,NA,unprovoked,boarding
1095,2018,NSW,coastal,wobbegong,Orectolobidae,unprovoked,boarding
1096,2018,NSW,coastal,white shark,Carcharodon carcharias ,unprovoked,boarding
1097,2018,QLD,coastal,tiger shark,Galeocerdo cuvier ,unprovoked,NA
1098,2018,NSW,coastal,wobbegong,Orectolobidae,unprovoked,boarding
1099,2018,NT,coastal,whaler shark,Carcharhinidae,provoked,spearfishing
1100,2018,WA,coastal,grey nurse shark,Carcharius taurus,unprovoked,boarding
1101,2018,NSW,estuary/harbour,NA,NA,unprovoked,NA
1102,2018,NSW,coastal,wobbegong,Orectolobidae,provoked,swimming
1103,2019,WA,coastal,wobbegong,Orectolobidae,unprovoked,swimming
1104,2019,WA,coastal,white shark,Carcharodon carcharias ,provoked,spearfishing
1105,2019,NSW,estuary/harbour,NA,NA,unprovoked,boarding
1106,2019,NT,ocean/pelagic,whitetip reef shark,Triaenodon obesus  ,provoked,NA
1107,2019,NSW,coastal,white shark,Carcharodon carcharias ,unprovoked,boarding
1108,2019,QLD,island open ocean,grey reef shark,Carcharhinus amblyrhynchos,unprovoked,snorkelling
1109,2019,NSW,coastal,grey nurse shark,Carcharius taurus,provoked,spearfishing
1110,2019,QLD,coastal,NA,NA,unprovoked,swimming
1111,2019,TAS,island open ocean,white shark,Carcharodon carcharias ,provoked,diving
1112,2019,NSW,coastal,whaler shark,Carcharhinidae,unprovoked,NA
1113,2019,QLD,coastal,tiger shark,Galeocerdo cuvier ,provoked,snorkelling
1114,2019,NSW,coastal,grey nurse shark,Carcharius taurus,unprovoked,swimming
1115,2019,QLD,coastal,bull shark,Carcharhinus leucas,unprovoked,boarding
1116,2019,NSW,coastal,bull shark,Carcharhinus leucas,unprovoked,boarding
1117,2019,NSW,coastal,NA,NA,unprovoked,NA
1118,2019,WA,estuary/harbour,white shark,Carcharodon carcharias ,provoked,spearfishing
1119,2019,QLD,island open ocean,NA,NA,NA,snorkelling
1120,2019,QLD,island open ocean,NA,NA,unprovoked,snorkelling
1121,2019,NSW,coastal,white shark,Carcharodon carcharias ,unprovoked,boarding
1122,2019,QLD,coastal,NA,NA,NA,boarding
1123,2019,QLD,coastal,NA,NA,unprovoked,snorkelling
1124,2019,WA,coastal,NA,NA,NA,NA
1125,2019,NSW,coastal,wobbegong,Orectolobidae,unprovoked,boarding
1126,2019,QLD,island open ocean,lemon shark,Negaprion brevirostris,NA,swimming
1127,2020,WA,island open ocean,white shark,Carcharodon carcharias ,unprovoked,diving
1128,2020,NSW,coastal,bull shark,Carcharhinus leucas,unprovoked,boarding
1129,2020,WA,island open ocean,white shark,Carcharodon carcharias ,provoked,snorkelling
1130,2020,QLD,island open ocean,lemon shark,Negaprion brevirostris,unprovoked,swimming
1131,2020,NSW,coastal,NA,NA,unprovoked,boarding
1132,2020,QLD,island open ocean,lemon shark,Negaprion brevirostris,unprovoked,swimming
1133,2020,NSW,estuary/harbour,wobbegong,Orectolobidae,unprovoked,swimming
1134,2020,QLD,island open ocean,NA,NA,unprovoked,swimming
1135,2020,WA,coastal,bull shark,Carcharhinus leucas,unprovoked,boarding
1136,2020,NSW,coastal,bull shark,Carcharhinus leucas,unprovoked,boarding
1137,2020,VIC,coastal,whaler shark,Carcharhinidae,unprovoked,boarding
1138,2020,NSW,coastal,white shark,Carcharodon carcharias ,unprovoked,boarding
1139,2020,WA,coastal,NA,NA,unprovoked,boarding
1140,2020,NSW,coastal,white shark,Carcharodon carcharias ,unprovoked,boarding
1141,2020,NSW,coastal,bronze whaler shark,Carcharhinus brachyurus,provoked,spearfishing
1142,2020,NSW,coastal,bronze whaler shark,Carcharhinus brachyurus,provoked,spearfishing
1143,2020,NSW,coastal,bronze whaler shark,Carcharhinus brachyurus,provoked,spearfishing
1144,2020,WA,coastal,white shark,Carcharodon carcharias ,unprovoked,NA
1145,2020,QLD,island open ocean,whaler shark,Carcharhinidae,unprovoked,swimming
1146,2020,QLD,coastal,whaler shark,Carcharhinidae,provoked,snorkelling
1147,2020,TAS,coastal,white shark,Carcharodon carcharias ,provoked,fishing
1148,2020,NSW,coastal,dusky shark,Carcharhinus obscurus,unprovoked,swimming
1149,2020,NSW,coastal,white shark,Carcharodon carcharias ,unprovoked,boarding
1150,2020,NSW,coastal,white shark,Carcharodon carcharias ,unprovoked,boarding
1151,2020,QLD,coastal,white shark,Carcharodon carcharias ,unprovoked,NA
1152,2020,NSW,coastal,white shark,Carcharodon carcharias ,provoked,boarding
1153,2020,NSW,coastal,whaler shark,Carcharhinidae,unprovoked,other: standing in water
1154,2020,NSW,coastal,wobbegong,Orectolobidae,unprovoked,boarding
1155,2020,NSW,coastal,white shark,Carcharodon carcharias ,unprovoked,diving
1156,2020,NSW,coastal,whaler shark,Carcharhinidae,unprovoked,boarding
1157,2020,QLD,island open ocean,bull shark,Carcharhinus leucas,provoked,spearfishing
1158,2020,WA,coastal,white shark,Carcharodon carcharias ,unprovoked,boarding
1159,2020,WA,coastal,bull shark,Carcharhinus leucas,unprovoked,boarding
1160,2020,QLD,island open ocean,hammerhead shark,Sphyrnidae,provoked,fishing
1161,2020,NSW,coastal,wobbegong,Orectolobidae,unprovoked,boarding
1162,2020,WA,coastal,bull shark,Carcharhinus leucas,unprovoked,boarding
1163,2020,SA,island open ocean,white shark,Carcharodon carcharias ,unprovoked,boarding
1164,2021,NSW,river,bull shark,Carcharhinus leucas,unprovoked,swimming
1165,2021,WA,coastal,wobbegong,Orectolobidae,unprovoked,swimming
1166,2021,WA,river,bull shark,Carcharhinus leucas,unprovoked,swimming
1167,2021,WA,coastal,wobbegong,Orectolobidae,unprovoked,boarding
1168,2021,NSW,coastal,wobbegong,Orectolobidae,unprovoked,boarding
1169,2021,WA,coastal,wobbegong,Orectolobidae,provoked,spearfishing
1170,2021,NSW,coastal,NA,NA,unprovoked,swimming
1171,2021,WA,coastal,bull shark,Carcharhinus leucas,provoked,spearfishing
1172,2021,WA,coastal,blacktip reef shark,Carcharhinus melanopterus,unprovoked,boarding
1173,2021,WA,coastal,blacktip reef shark,Carcharhinus melanopterus,unprovoked,swimming
1174,2021,WA,coastal,tiger shark,Galeocerdo cuvier ,provoked,spearfishing
1175,2021,NSW,coastal,white shark,Carcharodon carcharias ,unprovoked,boarding
1176,2021,WA,coastal,tiger shark,Galeocerdo cuvier ,unprovoked,snorkelling
1177,2021,WA,coastal,white shark,Carcharodon carcharias ,provoked,spearfishing
1178,2021,NSW,coastal,white shark,Carcharodon carcharias ,unprovoked,boarding
1179,2021,WA,island open ocean,lemon shark,Negaprion brevirostris,provoked,motorised boating
1180,2021,NSW,coastal,white shark,Carcharodon carcharias ,unprovoked,boarding
1181,2021,NSW,coastal,wobbegong,Orectolobidae,unprovoked,boarding
1182,2021,QLD,island open ocean,NA,NA,unprovoked,swimming
1183,2021,NSW,coastal,wobbegong,Orectolobidae,unprovoked,boarding
1184,2021,WA,coastal,white shark,Carcharodon carcharias ,unprovoked,swimming
1185,2021,VIC,coastal,NA,NA,unprovoked,NA
1186,2021,VIC,coastal,NA,NA,unprovoked,boarding
1187,2021,QLD,island open ocean,bull shark,Carcharhinus leucas,provoked,spearfishing
1188,2022,NSW,coastal,whaler shark,Carcharhinidae,unprovoked,swimming
1189,2022,NSW,coastal,wobbegong,Orectolobidae,unprovoked,swimming
1190,2022,WA,coastal,wobbegong,Orectolobidae,unprovoked,snorkelling
1191,2022,NSW,coastal,white shark,Carcharodon carcharias ,unprovoked,swimming
1192,2022,QLD,ocean/pelagic,tiger shark,Galeocerdo cuvier ,unprovoked,other:floating
1193,2022,WA,coastal,white shark,Carcharodon carcharias ,unprovoked,other:floating
1194,2022,NSW,coastal,wobbegong,Orectolobidae,unprovoked,diving
1195,2022,NSW,coastal,wobbegong,Orectolobidae,unprovoked,swimming
1196,2022,NSW,coastal,NA,NA,unprovoked,boarding
NA,NA,NA,NA,NA,NA,NA,NA
NA,NA,NA,NA,NA,NA,NA,NA
NA,NA,NA,NA,NA,NA,NA,NA
NA,NA,NA,NA,NA,NA,NA,NA
NA,NA,NA,NA,NA,NA,NA,NA
NA,NA,NA,NA,NA,NA,NA,NA
NA,NA,NA,NA,NA,NA,NA,NA
NA,NA,NA,NA,NA,NA,NA,NA
