"","YearBand","swab_id.x","earlygdL","site.x","date.x","state.x","section.x","earlytemp","month.x","season.x","band.x","band2.x","y.x","wyear.x","yoa.x","pdate.x","ysw.x","InitialCaptureYN.x","NRecaps.x","RecapturedSameYearYN.x","EverRecapturedYN.x","swab_id.y","lategdL","site.y","date.y","state.y","section.y","latetemp","month.y","season.y","band.y","band2.y","y.y","wyear.y","yoa.y","pdate.y","ysw.y","InitialCaptureYN.y","NRecaps.y","RecapturedSameYearYN.y","EverRecapturedYN.y","logearlyloads","loglateloads","YSWBins"
"3","2015.NYDEC33126","JH14MI106",4.01e-05,"BEAE","11/29/14","MI","B",6.7,11,"hiber_earl","NYDEC33126",NA,2014,2015,2015,11.93548387,0,1,0,0,0,NA,NA,NA,NA,NA,NA,NA,NA,NA,NA,NA,NA,NA,NA,NA,NA,NA,NA,NA,NA,-3.85356186471423,NA,"PreInvasion"
"8","2016.AAA137","JH15MI0176",0.000120895,"GLE","11/4/15","MI","26",8.6,11,"hiber_earl","AAA137","JJJ1832",2015,2016,2015,11.12903226,1,1,0,0,0,NA,NA,NA,NA,NA,NA,NA,NA,NA,NA,NA,NA,NA,NA,NA,NA,NA,NA,NA,NA,-3.65581411435484,NA,"Invasion"
"9","2016.DDD633","JH15MI0191",3.28e-05,"GLE","11/4/15","MI","43",8.3,11,"hiber_earl","DDD633",NA,2015,2016,2015,11.12903226,1,1,0,0,0,NA,NA,NA,NA,NA,NA,NA,NA,NA,NA,NA,NA,NA,NA,NA,NA,NA,NA,NA,NA,-3.876801924968,NA,"Invasion"
"10","2016.FFF1033","JH15MI0178",0.002663756,"GLE","11/4/15","MI","27",8.5,11,"hiber_earl","FFF1033","LLL2332",2015,2016,2015,11.12903226,1,1,0,0,0,NA,NA,NA,NA,NA,NA,NA,NA,NA,NA,NA,NA,NA,NA,NA,NA,NA,NA,NA,NA,-2.55850030157684,NA,"Invasion"
"11","2016.FFF1039","JH15MI0170",0.005805771,"GLE","11/4/15","MI","23",9.1,11,"hiber_earl","FFF1039","OOO2932",2015,2016,2015,11.12903226,1,1,0,0,1,NA,NA,NA,NA,NA,NA,NA,NA,NA,NA,NA,NA,NA,NA,NA,NA,NA,NA,NA,NA,-2.22872339708725,NA,"Invasion"
"12","2016.GGG1237","JH15MI0189",0.017278019,"GLE","11/4/15","MI","43",8.3,11,"hiber_earl","GGG1237",NA,2015,2016,2015,11.12903226,1,1,0,0,0,NA,NA,NA,NA,NA,NA,NA,NA,NA,NA,NA,NA,NA,NA,NA,NA,NA,NA,NA,NA,-1.75999973228342,NA,"Invasion"
"13","2016.GGG1338","JH15MI0181",0.000139807,"GLE","11/4/15","MI","31",8.7,11,"hiber_earl","GGG1338","NNN2632",2015,2016,2015,11.12903226,1,1,0,0,0,NA,NA,NA,NA,NA,NA,NA,NA,NA,NA,NA,NA,NA,NA,NA,NA,NA,NA,NA,NA,-3.62013814393524,NA,"Invasion"
"14","2016.HHH1532","JH15MI0179",0.000420818,"GLE","11/4/15","MI","29",8.6,11,"hiber_earl","HHH1532",NA,2015,2016,2015,11.12903226,1,1,0,0,0,NA,NA,NA,NA,NA,NA,NA,NA,NA,NA,NA,NA,NA,NA,NA,NA,NA,NA,NA,NA,-3.2833140145213,NA,"Invasion"
"15","2016.III1634","JH15MI0186",0.009431439,"GLE","11/4/15","MI","33",8.1,11,"hiber_earl","III1634","MMM2534",2015,2016,2015,11.12903226,1,1,0,0,0,NA,NA,NA,NA,NA,NA,NA,NA,NA,NA,NA,NA,NA,NA,NA,NA,NA,NA,NA,NA,-2.02084152721251,NA,"Invasion"
"16","2016.III1637","JH15MI0182",0.015001062,"GLE","11/4/15","MI","32",8.5,11,"hiber_earl","III1637","NNN2735",2015,2016,2015,11.12903226,1,1,0,0,0,NA,NA,NA,NA,NA,NA,NA,NA,NA,NA,NA,NA,NA,NA,NA,NA,NA,NA,NA,NA,-1.82099250936104,NA,"Invasion"
"37","2016.LLL2238","JH15MI0175",0.000133754,"GLE","11/4/15","MI","26",8.6,11,"hiber_earl","LLL2238",NA,2015,2016,2015,11.12903226,1,1,0,0,0,NA,NA,NA,NA,NA,NA,NA,NA,NA,NA,NA,NA,NA,NA,NA,NA,NA,NA,NA,NA,-3.6312409487418,NA,"Invasion"
"38","2016.MMM2431","JH15MI0185",0.003026205,"GLE","11/4/15","MI","33",8.4,11,"hiber_earl","MMM2431",NA,2015,2016,2015,11.12903226,1,1,0,0,0,NA,NA,NA,NA,NA,NA,NA,NA,NA,NA,NA,NA,NA,NA,NA,NA,NA,NA,NA,NA,-2.50498254664644,NA,"Invasion"
"39","2016.NYDEC33256","KL15WI0619",0.00080827,"HORR","11/7/15","WI","D",NA,11,"hiber_earl","NYDEC33256",NA,2015,2016,2015,11.22580645,1,1,0,0,0,NA,NA,NA,NA,NA,NA,NA,NA,NA,NA,NA,NA,NA,NA,NA,NA,NA,NA,NA,NA,-3.04178503024586,NA,"Invasion"
"41","2016.NYDEC33277","JH15MI0199",7.35e-05,"BEAE","11/5/15","MI","25",9.4,11,"hiber_earl","NYDEC33277",NA,2015,2016,2015,11.16129032,1,0,0,0,0,NA,NA,NA,NA,NA,NA,NA,NA,NA,NA,NA,NA,NA,NA,NA,NA,NA,NA,NA,NA,-3.76070052087311,NA,"Invasion"
"42","2016.NYDEC33279","JH15MI0147",0.000340372,"MAS","11/4/15","MI","20",7.9,11,"hiber_earl","NYDEC33279",NA,2015,2016,2015,11.12903226,1,1,1,1,1,"JH16MI0112",0.000213061,"MAS","3/4/16","MI","34",3.1,3,"hiber_late","NYDEC33279",NA,2016,2016,2015,15.12903226,1,0,1,1,1,-3.356180302398,-3.50437103183935,"Invasion"
"43","2016.UW0731","JH15MI0257",0.000228893,"TAYT","11/5/15","MI","22",8.7,11,"hiber_earl","UW0731",NA,2015,2016,2016,11.16129032,0,0,1,1,1,"JH16MI0127",0.057530848,"TAYT","3/5/16","MI","14.8",5,3,"hiber_late","UW0731",NA,2016,2016,2016,15.16129032,0,0,1,1,1,-3.48294536973329,-1.23934499001415,"PreInvasion"
"44","2016.UW0732","JH15MI0266",5.36e-06,"TAYT","11/5/15","MI","27",9.5,11,"hiber_earl","UW0732",NA,2015,2016,2016,11.16129032,0,0,0,0,0,NA,NA,NA,NA,NA,NA,NA,NA,NA,NA,NA,NA,NA,NA,NA,NA,NA,NA,NA,NA,-3.97732423804627,NA,"PreInvasion"
"49","2017.BBB0310","KL16WI0405",8.75e-06,"MAR","11/8/16","WI","HR",11.3,11,"hiber_earl","BBB0310",NA,2016,2017,2016,11.25806452,1,1,0,0,0,NA,NA,NA,NA,NA,NA,NA,NA,NA,NA,NA,NA,NA,NA,NA,NA,NA,NA,NA,NA,-3.96357073437333,NA,"Invasion"
"50","2017.CCC0416","KL16WI0406",0.000218183,"MAR","11/8/16","WI","HR",11.5,11,"hiber_earl","CCC0416","MMM2511",2016,2017,2016,11.25806452,1,1,0,0,0,NA,NA,NA,NA,NA,NA,NA,NA,NA,NA,NA,NA,NA,NA,NA,NA,NA,NA,NA,NA,-3.49732302771716,NA,"Invasion"
"52","2017.FFF1039","JH16MI0188",0.001702778,"GLE","11/6/16","MI","25.5",7.8,11,"hiber_earl","FFF1039","OOO2932",2016,2017,2015,11.19354839,2,0,1,1,1,"JH17MI0012",0.00431607,"GLE","3/2/17","MI","34.5",4,3,"hiber_late","FFF1039","OOO2932",2017,2017,2015,15.06451613,2,0,1,1,1,-2.74405775043293,-2.35496405113647,"Invasion"
"53","2017.III1731","JH16MI0190",6.17e-06,"GLE","11/6/16","MI","25.5",7.8,11,"hiber_earl","III1731",NA,2016,2017,2015,11.19354839,2,1,0,0,1,NA,NA,NA,NA,NA,NA,NA,NA,NA,NA,NA,NA,NA,NA,NA,NA,NA,NA,NA,NA,-3.97399818264282,NA,"Invasion"
"54","2017.JH2370","KL16WI0535",0.000209873,"PUMU","11/13/16","WI","B",10.2,11,"hiber_earl","JH2370",NA,2016,2017,2016,11.41935484,1,1,0,0,0,NA,NA,NA,NA,NA,NA,NA,NA,NA,NA,NA,NA,NA,NA,NA,NA,NA,NA,NA,NA,-3.50881626326331,NA,"Invasion"
"55","2017.JH2371","KL16WI0543",0.000860448,"PUMU","11/13/16","WI","B",10.7,11,"hiber_earl","JH2371",NA,2016,2017,2016,11.41935484,1,1,0,0,0,NA,NA,NA,NA,NA,NA,NA,NA,NA,NA,NA,NA,NA,NA,NA,NA,NA,NA,NA,NA,-3.01752614347735,NA,"Invasion"
"56","2017.JH2372","KL16WI0550",0.213831506,"ST.","11/14/16","WI","B",9.2,11,"hiber_earl","JH2372",NA,2016,2017,2015,11.4516129,2,1,0,0,0,NA,NA,NA,NA,NA,NA,NA,NA,NA,NA,NA,NA,NA,NA,NA,NA,NA,NA,NA,NA,-0.669725251546525,NA,"Invasion"
"57","2017.JH2374","KL16WI0552",0.007540774,"ST.","11/14/16","WI","B",9.2,11,"hiber_earl","JH2374",NA,2016,2017,2015,11.4516129,2,1,0,0,0,NA,NA,NA,NA,NA,NA,NA,NA,NA,NA,NA,NA,NA,NA,NA,NA,NA,NA,NA,NA,-2.11686264575638,NA,"Invasion"
"58","2017.JH2375","KL16WI0553",0.000574536,"ST.","11/14/16","WI","B",9.2,11,"hiber_earl","JH2375",NA,2016,2017,2015,11.4516129,2,1,0,0,0,NA,NA,NA,NA,NA,NA,NA,NA,NA,NA,NA,NA,NA,NA,NA,NA,NA,NA,NA,NA,-3.17099486706823,NA,"Invasion"
"59","2017.JH2376","KL16WI0554",0.009930139,"ST.","11/14/16","WI","B",9.2,11,"hiber_earl","JH2376",NA,2016,2017,2015,11.4516129,2,1,0,0,0,NA,NA,NA,NA,NA,NA,NA,NA,NA,NA,NA,NA,NA,NA,NA,NA,NA,NA,NA,NA,-1.9986930483839,NA,"Invasion"
"92","2017.OOO0041","KL16WI0417",4.84e-06,"MAR","11/8/16","WI","SEL",11.6,11,"hiber_earl","OOO0041",NA,2016,2017,2016,11.25806452,1,1,0,0,0,NA,NA,NA,NA,NA,NA,NA,NA,NA,NA,NA,NA,NA,NA,NA,NA,NA,NA,NA,NA,-3.97947298772544,NA,"Invasion"
"93","2017.UW0730","JH16MI0146",0.002477241,"TAYT","11/5/16","MI","15",8.4,11,"hiber_earl","UW0730",NA,2016,2017,2016,11.16129032,1,0,0,0,0,NA,NA,NA,NA,NA,NA,NA,NA,NA,NA,NA,NA,NA,NA,NA,NA,NA,NA,NA,NA,-2.58884496830345,NA,"Invasion"
"94","2017.UW0731","JH16MI0145",0.010270035,"TAYT","11/5/16","MI","15",8.4,11,"hiber_earl","UW0731",NA,2016,2017,2016,11.16129032,1,0,1,1,1,"JH17MI0066",0.002020997,"TAYT","3/3/17","MI","19",6.2,3,"hiber_late","UW0731",NA,2017,2017,2016,15.09677419,1,0,1,1,1,-1.98421977781721,-2.67345994576178,"Invasion"
"95","2017.UW0733","JH16MI0147",0.014122782,"TAYT","11/5/16","MI","15",8.4,11,"hiber_earl","UW0733",NA,2016,2017,2016,11.16129032,1,0,1,1,1,"JH17MI0061",0.008458612,"TAYT","3/3/17","MI","17",6,3,"hiber_late","UW0733",NA,2017,2017,2016,15.09677419,1,0,1,1,1,-1.84701544656847,-2.0675966616801,"Invasion"
"97","2017.WDNR0020","KL16WI0658",1.01e-05,"ELRL","11/16/16","WI","A",9.8,11,"hiber_earl","WDNR0020",NA,2016,2017,2016,11.51612903,1,0,0,0,0,NA,NA,NA,NA,NA,NA,NA,NA,NA,NA,NA,NA,NA,NA,NA,NA,NA,NA,NA,NA,-3.95821268102825,NA,"Invasion"
"99","2017.WDNR0028","KL16WI0669",1.07e-05,"ELRL","11/16/16","WI","B",10.3,11,"hiber_earl","WDNR0028",NA,2016,2017,2016,11.51612903,1,0,0,0,0,NA,NA,NA,NA,NA,NA,NA,NA,NA,NA,NA,NA,NA,NA,NA,NA,NA,NA,NA,NA,-3.95585237912128,NA,"Invasion"
"100","2017.WDNR2377","KL16WI0560",0.003411555,"LOS","11/14/16","WI","A",12.3,11,"hiber_earl","WDNR2377",NA,2016,2017,2016,11.4516129,1,1,0,0,0,NA,NA,NA,NA,NA,NA,NA,NA,NA,NA,NA,NA,NA,NA,NA,NA,NA,NA,NA,NA,-2.45450052502373,NA,"Invasion"
"101","2018.BBB0212","KL17WI0601",0.002505879,"MAR","11/10/17","WI","HR",11.2,11,"hiber_earl","BBB0212","GGG1310",2017,2018,2016,11.32258065,2,0,0,0,1,NA,NA,NA,NA,NA,NA,NA,NA,NA,NA,NA,NA,NA,NA,NA,NA,NA,NA,NA,NA,-2.58404575395433,NA,"Invasion"
"102","2018.CCC2911","KL17WI0614",0.004253715,"MAR","11/10/17","WI","HR",11,11,"hiber_earl","CCC2911",NA,2017,2018,2016,11.32258065,2,1,0,0,0,NA,NA,NA,NA,NA,NA,NA,NA,NA,NA,NA,NA,NA,NA,NA,NA,NA,NA,NA,NA,-2.36114000386141,NA,"Invasion"
"103","2018.FFF1039","JH17MI0197",0.000437315,"GLE","11/14/17","MI","44",6.9,11,"hiber_earl","FFF1039","OOO2932",2017,2018,2015,11.4516129,3,0,0,0,0,NA,NA,NA,NA,NA,NA,NA,NA,NA,NA,NA,NA,NA,NA,NA,NA,NA,NA,NA,NA,-3.26977103524315,NA,"PostInvasion"
"104","2018.HHH1510","KL17WI0615",2.85e-05,"MAR","11/10/17","WI","HR",10.8,11,"hiber_earl","HHH1510",NA,2017,2018,2016,11.32258065,2,1,0,0,0,NA,NA,NA,NA,NA,NA,NA,NA,NA,NA,NA,NA,NA,NA,NA,NA,NA,NA,NA,NA,-3.89109687233269,NA,"Invasion"
"107","2018.JH2204","JH17MI0124",0.250468486,"BEAE","11/13/17","MI","13.5",6.7,11,"hiber_earl","JH2204",NA,2017,2018,2015,11.41935484,3,1,0,0,0,NA,NA,NA,NA,NA,NA,NA,NA,NA,NA,NA,NA,NA,NA,NA,NA,NA,NA,NA,NA,-0.601073551126917,NA,"PostInvasion"
"108","2018.JH2205","JH17MI0134",9.51e-05,"BEAE","11/13/17","MI","27",6.8,11,"hiber_earl","JH2205",NA,2017,2018,2015,11.41935484,3,1,1,1,1,"JH18MI0041",NA,"BEAE","3/12/18","MI","23",5.4,3,"hiber_late","JH2205",NA,2018,2018,2015,15.38709677,3,0,1,1,1,-3.70974273060548,NA,"PostInvasion"
"109","2018.JH2206","JH17MI0135",0.002365073,"BEAE","11/13/17","MI","27",6.8,11,"hiber_earl","JH2206",NA,2017,2018,2015,11.41935484,3,1,1,1,1,"JH18MI0048",0.001783811,"BEAE","3/12/18","MI","34.9",5.6,3,"hiber_late","JH2206",NA,2018,2018,2015,15.38709677,3,0,1,1,1,-2.60817021511789,-2.72496267148715,"PostInvasion"
"110","2018.JH2207","JH17MI0136",0.000171793,"BEAE","11/13/17","MI","28.4",7.4,11,"hiber_earl","JH2207",NA,2017,2018,2015,11.41935484,3,1,1,1,1,"JH18MI0035",0.003538299,"BEAE","3/12/18","MI","19",4.4,3,"hiber_late","JH2207",NA,2018,2018,2015,15.38709677,3,0,1,1,1,-3.56576173266799,-2.43910161293769,"PostInvasion"
"111","2018.JH2208","JH17MI0137",5.46e-06,"BEAE","11/13/17","MI","28.4",7.4,11,"hiber_earl","JH2208",NA,2017,2018,2015,11.41935484,3,1,0,0,1,NA,NA,NA,NA,NA,NA,NA,NA,NA,NA,NA,NA,NA,NA,NA,NA,NA,NA,NA,NA,-3.97691223300455,NA,"PostInvasion"
"112","2018.JH2209","JH17MI0138",0.002261494,"BEAE","11/13/17","MI","28.7",7.4,11,"hiber_earl","JH2209",NA,2017,2018,2015,11.41935484,3,1,0,0,0,NA,NA,NA,NA,NA,NA,NA,NA,NA,NA,NA,NA,NA,NA,NA,NA,NA,NA,NA,NA,-2.62681315352586,NA,"PostInvasion"
"113","2018.JH2210","JH17MI0139",8.9e-06,"BEAE","11/13/17","MI","28.7",7.4,11,"hiber_earl","JH2210",NA,2017,2018,2015,11.41935484,3,1,1,1,1,"JH18MI0044",0.000166439,"BEAE","3/12/18","MI","27",5,3,"hiber_late","JH2210",NA,2018,2018,2015,15.38709677,3,0,1,1,1,-3.96297212024422,-3.57440220500804,"PostInvasion"
"114","2018.JH2211","JH17MI0140",0.000149935,"BEAE","11/13/17","MI","28.3",7.2,11,"hiber_earl","JH2211",NA,2017,2018,2015,11.41935484,3,1,1,1,1,"JH18MI0043",NA,"BEAE","3/12/18","MI","27",5,3,"hiber_late","JH2211",NA,2018,2018,2015,15.38709677,3,0,1,1,1,-3.60217292257496,NA,"PostInvasion"
"115","2018.JH2212","JH17MI0141",6.4e-05,"BEAE","11/13/17","MI","28.3",7.2,11,"hiber_earl","JH2212",NA,2017,2018,2015,11.41935484,3,1,0,0,0,NA,NA,NA,NA,NA,NA,NA,NA,NA,NA,NA,NA,NA,NA,NA,NA,NA,NA,NA,NA,-3.7851561519523,NA,"PostInvasion"
"116","2018.JH2213","JH17MI0142",0.001368098,"BEAE","11/13/17","MI","28.3",7.2,11,"hiber_earl","JH2213",NA,2017,2018,2015,11.41935484,3,1,0,0,0,NA,NA,NA,NA,NA,NA,NA,NA,NA,NA,NA,NA,NA,NA,NA,NA,NA,NA,NA,NA,-2.83324495297672,NA,"PostInvasion"
"117","2018.JH2214","JH17MI0143",0.002142083,"BEAE","11/13/17","MI","28.3",7.2,11,"hiber_earl","JH2214",NA,2017,2018,2015,11.41935484,3,1,1,1,1,"JH18MI0036",0.017012679,"BEAE","3/12/18","MI","20",5.5,3,"hiber_late","JH2214",NA,2018,2018,2015,15.38709677,3,0,1,1,1,-2.64934831423222,-1.76668199607895,"PostInvasion"
"118","2018.JH2215","JH17MI0144",3.71e-05,"BEAE","11/13/17","MI","28.6",7.1,11,"hiber_earl","JH2215",NA,2017,2018,2015,11.41935484,3,1,1,1,1,"JH18MI0045",4.49e-06,"BEAE","3/12/18","MI","28.9",5.4,3,"hiber_late","JH2215",NA,2018,2018,2015,15.38709677,3,0,1,1,1,-3.86296254521049,-3.9809252708221,"PostInvasion"
"119","2018.JH2216","JH17MI0148",4.35e-05,"BEAE","11/13/17","MI","41",7.4,11,"hiber_earl","JH2216",NA,2017,2018,2015,11.41935484,3,1,1,1,1,"JH18MI0032",0.000445529,"BEAE","3/12/18","MI","14.8",3.9,3,"hiber_late","JH2216",NA,2018,2018,2015,15.38709677,3,0,1,1,1,-3.84314809892999,-3.26318215762338,"PostInvasion"
"121","2018.JH2218","JH17MI0155",0.000317117,"MAS","11/14/17","MI","16",8.9,11,"hiber_earl","JH2218",NA,2017,2018,2015,11.4516129,3,1,1,1,1,"JH18MI0093",0.003308308,"MAS","3/13/18","MI","19",3.8,3,"hiber_late","JH2218",NA,2018,2018,2015,15.41935484,3,0,1,1,1,-3.37974210970886,-2.46746116606016,"PostInvasion"
"122","2018.JH2219","JH17MI0156",0.0016662,"MAS","11/14/17","MI","16",5.9,11,"hiber_earl","JH2219",NA,2017,2018,2015,11.4516129,3,1,1,1,1,"JH18MI0096",NA,"MAS","3/13/18","MI","24.5",3.6,3,"hiber_late","JH2219",NA,2018,2018,2015,15.41935484,3,0,1,1,1,-2.75296011957025,NA,"PostInvasion"
"123","2018.JH2221","JH17MI0161",2.22e-06,"MAS","11/14/17","MI","17.5",5.4,11,"hiber_earl","JH2221",NA,2017,2018,2015,11.4516129,3,1,0,0,0,NA,NA,NA,NA,NA,NA,NA,NA,NA,NA,NA,NA,NA,NA,NA,NA,NA,NA,NA,NA,-3.99046412338078,NA,"PostInvasion"
"124","2018.JH2222","JH17MI0160",6.32e-05,"MAS","11/14/17","MI","17.5",5.4,11,"hiber_earl","JH2222",NA,2017,2018,2015,11.4516129,3,1,1,1,1,"JH18MI0102",0.002621973,"MAS","3/13/18","MI","28",4.3,3,"hiber_late","JH2222",NA,2018,2018,2015,15.41935484,3,0,1,1,1,-3.78727984558216,-2.56511618699792,"PostInvasion"
"125","2018.JH2223","JH17MI0165",0.000145529,"MAS","11/14/17","MI","20",5.6,11,"hiber_earl","JH2223",NA,2017,2018,2015,11.4516129,3,1,1,1,1,"JH18MI0089",0.000144612,"MAS","3/13/18","MI","14.5",3.4,3,"hiber_late","JH2223",NA,2018,2018,2015,15.41935484,3,0,1,1,1,-3.60989720498231,-3.61152224147002,"PostInvasion"
"127","2018.JH2225","JH17MI0168",0.00100905,"MAS","11/14/17","MI","20",5.6,11,"hiber_earl","JH2225",NA,2017,2018,2015,11.4516129,3,1,0,0,0,NA,NA,NA,NA,NA,NA,NA,NA,NA,NA,NA,NA,NA,NA,NA,NA,NA,NA,NA,NA,-2.95504887383768,NA,"PostInvasion"
"128","2018.JH2226","JH17MI0169",4.26e-05,"MAS","11/14/17","MI","26.8",5.9,11,"hiber_earl","JH2226",NA,2017,2018,2015,11.4516129,3,1,1,1,1,"JH18MI0103",0.066390617,"MAS","3/13/18","MI","28",4.3,3,"hiber_late","JH2226",NA,2018,2018,2015,15.41935484,3,0,1,1,1,-3.84588047448415,-1.17723963699218,"PostInvasion"
"129","2018.JH2227","JH17MI0172",0.000373862,"MAS","11/14/17","MI","26.8",5.9,11,"hiber_earl","JH2227",NA,2017,2018,2015,11.4516129,3,1,1,1,1,"JH18MI0085",0.001307733,"MAS","3/13/18","MI","12.5",2.8,3,"hiber_late","JH2227",NA,2018,2018,2015,15.41935484,3,0,1,1,1,-3.32434811690095,-2.85147970856218,"PostInvasion"
"130","2018.JH2228","JH17MI0173",0.000519875,"MAS","11/14/17","MI","26.8",5.9,11,"hiber_earl","JH2228",NA,2017,2018,2015,11.4516129,3,1,0,0,0,NA,NA,NA,NA,NA,NA,NA,NA,NA,NA,NA,NA,NA,NA,NA,NA,NA,NA,NA,NA,-3.20769587870083,NA,"PostInvasion"
"131","2018.JH2229","JH17MI0178",0.035052991,"GLE","11/14/17","MI","25.3",5.6,11,"hiber_earl","JH2229",NA,2017,2018,2015,11.4516129,3,1,0,0,0,NA,NA,NA,NA,NA,NA,NA,NA,NA,NA,NA,NA,NA,NA,NA,NA,NA,NA,NA,NA,-1.45403771703016,NA,"PostInvasion"
"132","2018.JH2230","JH17MI0179",0.015166781,"GLE","11/14/17","MI","25.3",5.6,11,"hiber_earl","JH2230",NA,2017,2018,2015,11.4516129,3,1,0,0,0,NA,NA,NA,NA,NA,NA,NA,NA,NA,NA,NA,NA,NA,NA,NA,NA,NA,NA,NA,NA,-1.81625252426056,NA,"PostInvasion"
"133","2018.JH2231","JH17MI0180",0.001882488,"GLE","11/14/17","MI","26",5.8,11,"hiber_earl","JH2231",NA,2017,2018,2015,11.4516129,3,1,1,1,1,"JH18MI0007",0.00469861,"GLE","3/12/18","MI","25",2.8,3,"hiber_late","JH2231",NA,2018,2018,2015,15.38709677,3,0,1,1,1,-2.70278943278693,-2.31888454528129,"PostInvasion"
"134","2018.JH2232","JH17MI0181",0.000397189,"GLE","11/14/17","MI","26",5.8,11,"hiber_earl","JH2232",NA,2017,2018,2015,11.4516129,3,1,1,1,1,"JH18MI0018",0.00240928,"GLE","3/12/18","MI","28.5",2.9,3,"hiber_late","JH2232",NA,2018,2018,2015,15.38709677,3,0,1,1,1,-3.30347848842168,-2.60045087488701,"PostInvasion"
"135","2018.JH2233","JH17MI0183",7.01e-05,"GLE","11/14/17","MI","26",5.8,11,"hiber_earl","JH2233",NA,2017,2018,2015,11.4516129,3,1,1,1,1,"JH18MI0008",0.000171499,"GLE","3/12/18","MI","25",3.5,3,"hiber_late","JH2233",NA,2018,2018,2015,15.38709677,3,0,1,1,1,-3.76929568638743,-3.56623176568943,"PostInvasion"
"136","2018.JH2234","JH17MI0184",0.001118409,"GLE","11/14/17","MI","26.2",5.8,11,"hiber_earl","JH2234",NA,2017,2018,2015,11.4516129,3,1,1,1,1,"JH18MI0002",0.000335031,"GLE","3/12/18","MI","11",3.3,3,"hiber_late","JH2234",NA,2018,2018,2015,15.38709677,3,0,1,1,1,-2.91420690166487,-3.36147979442642,"PostInvasion"
"137","2018.JH2235","JH17MI0185",0.001162814,"GLE","11/14/17","MI","26.2",5.8,11,"hiber_earl","JH2235",NA,2017,2018,2015,11.4516129,3,1,1,1,1,"JH18MI0021",NA,"GLE","3/12/18","MI","37",3.9,3,"hiber_late","JH2235",NA,2018,2018,2015,15.38709677,3,0,1,1,1,-2.89866061201181,NA,"PostInvasion"
"138","2018.JH2237","JH17MI0186",0.000568361,"GLE","11/14/17","MI","26.2",5.8,11,"hiber_earl","JH2237",NA,2017,2018,2015,11.4516129,3,1,0,0,0,NA,NA,NA,NA,NA,NA,NA,NA,NA,NA,NA,NA,NA,NA,NA,NA,NA,NA,NA,NA,-3.17498889986026,NA,"PostInvasion"
"139","2018.JH2238","JH17MI0187",0.006291778,"GLE","11/14/17","MI","26.4",5.7,11,"hiber_earl","JH2238",NA,2017,2018,2015,11.4516129,3,1,0,0,0,NA,NA,NA,NA,NA,NA,NA,NA,NA,NA,NA,NA,NA,NA,NA,NA,NA,NA,NA,NA,-2.19437831740015,NA,"PostInvasion"
"140","2018.JH2324","JH17MI0166",0.000104736,"MAS","11/14/17","MI","20",5.6,11,"hiber_earl","JH2324",NA,2017,2018,2015,11.4516129,3,1,0,0,0,NA,NA,NA,NA,NA,NA,NA,NA,NA,NA,NA,NA,NA,NA,NA,NA,NA,NA,NA,NA,-3.68880578593201,NA,"PostInvasion"
"141","2018.JH2382","JH17MI0171",2.21e-06,"MAS","11/14/17","MI","26.8",5.9,11,"hiber_earl","JH2382",NA,2017,2018,2015,11.4516129,3,0,1,1,1,"JH18MI0095",2.42e-05,"MAS","3/13/18","MI","24",3.4,3,"hiber_late","JH2382",NA,2018,2018,2015,15.41935484,3,0,1,1,1,-3.99050661171246,-3.90587840415944,"PostInvasion"
"142","2018.JH2383","JH17MI0159",0.000141662,"MAS","11/14/17","MI","17.5",5.4,11,"hiber_earl","JH2383",NA,2017,2018,2015,11.4516129,3,0,1,1,1,"JH18MI0087",NA,"MAS","3/13/18","MI","12.5",3.2,3,"hiber_late","JH2383",NA,2018,2018,2015,15.41935484,3,0,1,1,1,-3.61679163460584,NA,"PostInvasion"
"143","2018.JH2384","JH17MI0167",0.000363319,"MAS","11/14/17","MI","20",5.6,11,"hiber_earl","JH2384",NA,2017,2018,2015,11.4516129,3,0,1,1,1,"JH18MI0090",NA,"MAS","3/13/18","MI","14.5",3.4,3,"hiber_late","JH2384",NA,2018,2018,2015,15.41935484,3,0,1,1,1,-3.33411988968253,NA,"PostInvasion"
"144","2018.JH2385","JH17MI0170",0.000595556,"MAS","11/14/17","MI","26.8",5.9,11,"hiber_earl","JH2385",NA,2017,2018,2015,11.4516129,3,0,1,1,1,"JH18MI0101",0.007545835,"MAS","3/13/18","MI","28",4.2,3,"hiber_late","JH2385",NA,2018,2018,2015,15.41935484,3,0,1,1,1,-3.15766789872452,-2.11657507845441,"PostInvasion"
"145","2018.JH2387","JH17MI0175",0.093829916,"MAS","11/14/17","MI",NA,6,11,"hiber_earl","JH2387",NA,2017,2018,2015,11.4516129,3,0,0,0,0,NA,NA,NA,NA,NA,NA,NA,NA,NA,NA,NA,NA,NA,NA,NA,NA,NA,NA,NA,NA,-1.02719606604576,NA,"PostInvasion"
"146","2018.JH2389","JH17MI0158",0.00024203,"MAS","11/14/17","MI","17.5",5.4,11,"hiber_earl","JH2389",NA,2017,2018,2015,11.4516129,3,0,1,1,1,"JH18MI0086",0.000688796,"MAS","3/13/18","MI","12.5",3.2,3,"hiber_late","JH2389",NA,2018,2018,2015,15.41935484,3,0,1,1,1,-3.46593579960746,-3.1030353003771,"PostInvasion"
"147","2018.JH2397","JH17MI0154",0.000128756,"MAS","11/14/17","MI","16",5.8,11,"hiber_earl","JH2397",NA,2017,2018,2015,11.4516129,3,0,1,1,1,"JH18MI0100",NA,"MAS","3/13/18","MI","28",4.2,3,"hiber_late","JH2397",NA,2018,2018,2015,15.41935484,3,0,1,1,1,-3.64062750608023,NA,"PostInvasion"
"149","2018.JH2401","KL17WI0531",0.000928263,"SOUO","11/6/17","WI","B",9.2,11,"hiber_earl","JH2401",NA,2017,2018,2017,11.19354839,1,1,1,1,1,"KL18WI0146",0.305772842,"SOUO","3/8/18","WI","C",7.9,3,"hiber_late","JH2401",NA,2018,2018,2017,15.25806452,1,0,1,1,1,-2.98789579113795,-0.514459081672187,"Invasion"
"150","2018.JH2402","KL17WI0532",5.32e-05,"SOUO","11/6/17","WI","B",9.8,11,"hiber_earl","JH2402",NA,2017,2018,2017,11.19354839,1,1,0,0,0,NA,NA,NA,NA,NA,NA,NA,NA,NA,NA,NA,NA,NA,NA,NA,NA,NA,NA,NA,NA,-3.81474123470341,NA,"Invasion"
"151","2018.JH2403","KL17WI0533",6.92e-05,"SOUO","11/6/17","WI","B",8.8,11,"hiber_earl","JH2403",NA,2017,2018,2017,11.19354839,1,1,0,0,0,NA,NA,NA,NA,NA,NA,NA,NA,NA,NA,NA,NA,NA,NA,NA,NA,NA,NA,NA,NA,-3.771599641297,NA,"Invasion"
"152","2018.JH2404","KL17WI0534",9.61e-06,"SOUO","11/6/17","WI","B",8.8,11,"hiber_earl","JH2404",NA,2017,2018,2017,11.19354839,1,1,0,0,0,NA,NA,NA,NA,NA,NA,NA,NA,NA,NA,NA,NA,NA,NA,NA,NA,NA,NA,NA,NA,-3.96014982225034,NA,"Invasion"
"153","2018.JH2405","KL17WI0535",3.71e-05,"SOUO","11/6/17","WI","B",8.8,11,"hiber_earl","JH2405",NA,2017,2018,2017,11.19354839,1,1,0,0,0,NA,NA,NA,NA,NA,NA,NA,NA,NA,NA,NA,NA,NA,NA,NA,NA,NA,NA,NA,NA,-3.86296254521049,NA,"Invasion"
"154","2018.JH2406","KL17WI0536",2.89e-05,"SOUO","11/6/17","WI","B",9.8,11,"hiber_earl","JH2406",NA,2017,2018,2017,11.19354839,1,1,0,0,0,NA,NA,NA,NA,NA,NA,NA,NA,NA,NA,NA,NA,NA,NA,NA,NA,NA,NA,NA,NA,-3.8897470826466,NA,"Invasion"
"155","2018.JH2407","KL17WI0537",0.018075847,"SOUO","11/6/17","WI","B",8.8,11,"hiber_earl","JH2407",NA,2017,2018,2017,11.19354839,1,1,0,0,0,NA,NA,NA,NA,NA,NA,NA,NA,NA,NA,NA,NA,NA,NA,NA,NA,NA,NA,NA,NA,-1.74050534174237,NA,"Invasion"
"156","2018.JH2408","KL17WI0538",0.000651487,"SOUO","11/6/17","WI","B",7.8,11,"hiber_earl","JH2408",NA,2017,2018,2017,11.19354839,1,1,0,0,0,NA,NA,NA,NA,NA,NA,NA,NA,NA,NA,NA,NA,NA,NA,NA,NA,NA,NA,NA,NA,-3.12407852788758,NA,"Invasion"
"157","2018.JH2409","KL17WI0539",0.00084001,"SOUO","11/6/17","WI","B",9.8,11,"hiber_earl","JH2409",NA,2017,2018,2017,11.19354839,1,1,0,0,0,NA,NA,NA,NA,NA,NA,NA,NA,NA,NA,NA,NA,NA,NA,NA,NA,NA,NA,NA,NA,-3.02686752627081,NA,"Invasion"
"158","2018.JH2410","KL17WI0540",0.000101381,"SOUO","11/6/17","WI","B",8.8,11,"hiber_earl","JH2410",NA,2017,2018,2017,11.19354839,1,1,1,1,1,"KL18WI0140",0.0851469,"SOUO","3/8/18","WI","A",6.2,3,"hiber_late","JH2410",NA,2018,2018,2017,15.25806452,1,0,1,1,1,-3.69598150689266,-1.06932140514922,"Invasion"
"159","2018.JH2411","KL17WI0541",8.42e-05,"SOUO","11/6/17","WI","B",7.8,11,"hiber_earl","JH2411",NA,2017,2018,2017,11.19354839,1,1,0,0,0,NA,NA,NA,NA,NA,NA,NA,NA,NA,NA,NA,NA,NA,NA,NA,NA,NA,NA,NA,NA,-3.73471037413917,NA,"Invasion"
"160","2018.JH2412","KL17WI0542",0.000115331,"SOUO","11/6/17","WI","B",8.8,11,"hiber_earl","JH2412",NA,2017,2018,2017,11.19354839,1,1,0,0,0,NA,NA,NA,NA,NA,NA,NA,NA,NA,NA,NA,NA,NA,NA,NA,NA,NA,NA,NA,NA,-3.66689344272743,NA,"Invasion"
"161","2018.JH2413","KL17WI0543",0.000363113,"SOUO","11/6/17","WI","B",9.2,11,"hiber_earl","JH2413",NA,2017,2018,2017,11.19354839,1,1,0,0,0,NA,NA,NA,NA,NA,NA,NA,NA,NA,NA,NA,NA,NA,NA,NA,NA,NA,NA,NA,NA,-3.33431302779682,NA,"Invasion"
"162","2018.JH2414","KL17WI0600",0.00179711,"MAR","11/10/17","WI","HR",11,11,"hiber_earl","JH2414",NA,2017,2018,2016,11.32258065,2,1,0,0,0,NA,NA,NA,NA,NA,NA,NA,NA,NA,NA,NA,NA,NA,NA,NA,NA,NA,NA,NA,NA,-2.72190748671387,NA,"Invasion"
"163","2018.JH2415","KL17WI0632",0.056889941,"HORR","11/11/17","WI","A",9.7,11,"hiber_earl","JH2415",NA,2017,2018,2015,11.35483871,3,1,1,1,1,"KL18WI0221",0.058587068,"HORR","3/14/18","WI","A",5.5,3,"hiber_late","JH2415",NA,2018,2018,2015,15.4516129,3,0,1,1,1,-1.24420179263817,-1.23145758725297,"PostInvasion"
"164","2018.JH2416","KL17WI0633",0.006648083,"HORR","11/11/17","WI","B",9.5,11,"hiber_earl","JH2416",NA,2017,2018,2015,11.35483871,3,1,0,0,1,NA,NA,NA,NA,NA,NA,NA,NA,NA,NA,NA,NA,NA,NA,NA,NA,NA,NA,NA,NA,-2.17081958431938,NA,"PostInvasion"
"165","2018.JH2417","JH17MI0099",0.000115703,"TAYT","11/13/17","MI","15",6.9,11,"hiber_earl","JH2417",NA,2017,2018,2016,11.41935484,2,1,1,1,1,"JH18MI0080",NA,"TAYT","3/13/18","MI","22",6.5,3,"hiber_late","JH2417",NA,2018,2018,2016,15.41935484,2,0,1,1,1,-3.66614381468241,NA,"Invasion"
"166","2018.JH2418","JH17MI0100",6.82e-05,"TAYT","11/13/17","MI","16.5",7.4,11,"hiber_earl","JH2418",NA,2017,2018,2016,11.41935484,2,1,1,1,1,"JH18MI0065",0.009477101,"TAYT","3/13/18","MI","15",6,3,"hiber_late","JH2418",NA,2018,2018,2016,15.41935484,2,0,1,1,1,-3.77417400853811,-2.0187659324911,"Invasion"
"167","2018.JH2419","JH17MI0101",2.02e-05,"TAYT","11/13/17","MI","16.5",7.4,11,"hiber_earl","JH2419",NA,2017,2018,2016,11.41935484,2,1,1,1,1,"JH18MI0075",0.000103992,"TAYT","3/13/18","MI","19.5",6,3,"hiber_late","JH2419",NA,2018,2018,2016,15.41935484,2,0,1,1,1,-3.92009553233328,-3.69038686406421,"Invasion"
"168","2018.JH2420","JH17MI0102",0.000117964,"TAYT","11/13/17","MI","17",7.5,11,"hiber_earl","JH2420",NA,2017,2018,2016,11.41935484,2,1,1,1,1,"JH18MI0063",0.000389969,"TAYT","3/13/18","MI","14.9",5.8,3,"hiber_late","JH2420",NA,2018,2018,2016,15.41935484,2,0,1,1,1,-3.66161523067256,-3.309831396614,"Invasion"
"169","2018.JH2421","JH17MI0103",0.000479458,"TAYT","11/13/17","MI","17",7.5,11,"hiber_earl","JH2421",NA,2017,2018,2016,11.41935484,2,1,1,1,1,"JH18MI0069",NA,"TAYT","3/13/18","MI","15.2",6.1,3,"hiber_late","JH2421",NA,2018,2018,2016,15.41935484,2,0,1,1,1,-3.23697803688635,NA,"Invasion"
"170","2018.JH2422","JH17MI0104",0.000284673,"TAYT","11/13/17","MI","17",7.5,11,"hiber_earl","JH2422",NA,2017,2018,2016,11.41935484,2,1,1,1,1,"JH18MI0070",0.009311233,"TAYT","3/13/18","MI","17",6,3,"hiber_late","JH2422",NA,2018,2018,2016,15.41935484,2,0,1,1,1,-3.41490829552973,-2.0263534743393,"Invasion"
"171","2018.JH2423","JH17MI0106",6.02e-05,"TAYT","11/13/17","MI","17",7.5,11,"hiber_earl","JH2423",NA,2017,2018,2016,11.41935484,2,1,1,1,1,"JH18MI0067",0.000953156,"TAYT","3/13/18","MI","15",5.8,3,"hiber_late","JH2423",NA,2018,2018,2016,15.41935484,2,0,1,1,1,-3.79533748825178,-2.97750729365672,"Invasion"
"172","2018.JH2424","JH17MI0107",0.000584707,"TAYT","11/13/17","MI","19",7.7,11,"hiber_earl","JH2424",NA,2017,2018,2016,11.41935484,2,1,1,1,1,"JH18MI0061",NA,"TAYT","3/13/18","MI","7",4.9,3,"hiber_late","JH2424",NA,2018,2018,2016,15.41935484,2,0,1,1,1,-3.16449523216506,NA,"Invasion"
"173","2018.JH2425","JH17MI0108",0.000609643,"TAYT","11/13/17","MI","19",7.6,11,"hiber_earl","JH2425",NA,2017,2018,2016,11.41935484,2,1,1,1,1,"JH18MI0059",NA,"TAYT","3/13/18","MI","3.5",4,3,"hiber_late","JH2425",NA,2018,2018,2016,15.41935484,2,0,1,1,1,-3.14896007680524,NA,"Invasion"
"174","2018.JH2426","JH17MI0109",2.61e-05,"TAYT","11/13/17","MI","19.4",7.4,11,"hiber_earl","JH2426",NA,2017,2018,2016,11.41935484,2,1,1,1,1,"JH18MI0066",0.002084066,"TAYT","3/13/18","MI","15",5.8,3,"hiber_late","JH2426",NA,2018,2018,2016,15.41935484,2,0,1,1,1,-3.89928491342692,-2.66073424188181,"Invasion"
"175","2018.JH2427","JH17MI0110",0.000534664,"TAYT","11/13/17","MI","20.1",7.7,11,"hiber_earl","JH2427",NA,2017,2018,2016,11.41935484,2,1,1,1,1,"JH18MI0074",NA,"TAYT","3/13/18","MI","18",6.2,3,"hiber_late","JH2427",NA,2018,2018,2016,15.41935484,2,0,1,1,1,-3.19745613544177,NA,"Invasion"
"176","2018.JH2428","JH17MI0111",0.000109453,"TAYT","11/13/17","MI","20",7.5,11,"hiber_earl","JH2428",NA,2017,2018,2016,11.41935484,2,1,1,1,1,"JH18MI0064",0.003534998,"TAYT","3/13/18","MI","14.9",5.8,3,"hiber_late","JH2428",NA,2018,2018,2016,15.41935484,2,0,1,1,1,-3.67891341484864,-2.43949582375658,"Invasion"
"177","2018.JH2429","JH17MI0112",0.000498148,"TAYT","11/13/17","MI","20",7.5,11,"hiber_earl","JH2429",NA,2017,2018,2016,11.41935484,2,1,1,1,1,"JH18MI0062",0.004909073,"TAYT","3/13/18","MI","9",5.1,3,"hiber_late","JH2429",NA,2018,2018,2016,15.41935484,2,0,1,1,1,-3.22319134505708,-2.30024263904992,"Invasion"
"178","2018.JH2430","JH17MI0113",0.000405935,"TAYT","11/13/17","MI","21",7.3,11,"hiber_earl","JH2430",NA,2017,2018,2016,11.41935484,2,1,1,1,1,"JH18MI0076",0.003672566,"TAYT","3/13/18","MI","20",6,3,"hiber_late","JH2430",NA,2018,2018,2016,15.41935484,2,0,1,1,1,-3.29590527556063,-2.42336315362392,"Invasion"
"179","2018.JH2431","KL17WI0517",0.004857024,"SOUO","11/6/17","WI","A",8.2,11,"hiber_earl","JH2431",NA,2017,2018,2017,11.19354839,1,1,0,0,0,NA,NA,NA,NA,NA,NA,NA,NA,NA,NA,NA,NA,NA,NA,NA,NA,NA,NA,NA,NA,-2.30477897840323,NA,"Invasion"
"180","2018.JH2433","KL17WI0519",7.91e-05,"SOUO","11/6/17","WI","B",8.2,11,"hiber_earl","JH2433",NA,2017,2018,2017,11.19354839,1,1,0,0,0,NA,NA,NA,NA,NA,NA,NA,NA,NA,NA,NA,NA,NA,NA,NA,NA,NA,NA,NA,NA,-3.74690441415097,NA,"Invasion"
"181","2018.JH2434","KL17WI0582",0.001666791,"BOSS","11/9/17","WI","B",8.7,11,"hiber_earl","JH2434",NA,2017,2018,2015,11.29032258,3,1,0,0,0,NA,NA,NA,NA,NA,NA,NA,NA,NA,NA,NA,NA,NA,NA,NA,NA,NA,NA,NA,NA,-2.7528148216959,NA,"PostInvasion"
"182","2018.JH2435","JH17MI0114",0.000370382,"TAYT","11/13/17","MI","22",7.9,11,"hiber_earl","JH2435",NA,2017,2018,2016,11.41935484,2,1,1,1,1,"JH18MI0073",NA,"TAYT","3/13/18","MI","17",6,3,"hiber_late","JH2435",NA,2018,2018,2016,15.41935484,2,0,1,1,1,-3.32754930566118,NA,"Invasion"
"183","2018.JH2436","JH17MI0115",0.000355241,"TAYT","11/13/17","MI","22",7.9,11,"hiber_earl","JH2436",NA,2017,2018,2016,11.41935484,2,1,1,1,1,"JH18MI0078",0.007175318,"TAYT","3/13/18","MI","20",6,3,"hiber_late","JH2436",NA,2018,2018,2016,15.41935484,2,0,1,1,1,-3.34175863134078,-2.13814801916309,"Invasion"
"184","2018.JH2437","KL17WI0518",9.94e-05,"SOUO","11/6/17","WI","B",8.2,11,"hiber_earl","JH2437",NA,2017,2018,2017,11.19354839,1,1,0,0,0,NA,NA,NA,NA,NA,NA,NA,NA,NA,NA,NA,NA,NA,NA,NA,NA,NA,NA,NA,NA,-3.70027484602436,NA,"Invasion"
"185","2018.JH2439","KL17WI0583",8.91e-05,"BOSS","11/9/17","WI","B",8.7,11,"hiber_earl","JH2439",NA,2017,2018,2015,11.29032258,3,1,1,1,1,"KL18WI0031",0.5918686,"BOSS","3/4/18","WI","B",5.8,3,"hiber_late","JH2439",NA,2018,2018,2015,15.12903226,3,0,1,1,1,-3.72330847115496,-0.227701329102076,"PostInvasion"
"186","2018.JH2440","JH17MI0116",0.000331958,"TAYT","11/13/17","MI","22",7.9,11,"hiber_earl","JH2440",NA,2017,2018,2016,11.41935484,2,1,1,1,1,"JH18MI0077",0.001719318,"TAYT","3/13/18","MI","20",6,3,"hiber_late","JH2440",NA,2018,2018,2016,15.41935484,2,0,1,1,1,-3.36455847831236,-2.74009138363319,"Invasion"
"187","2018.JH2441","JH17MI0117",4.39e-05,"TAYT","11/13/17","MI","22",7.9,11,"hiber_earl","JH2441",NA,2017,2018,2016,11.41935484,2,1,1,1,1,"JH18MI0079",2.62e-05,"TAYT","3/13/18","MI","20",6,3,"hiber_late","JH2441",NA,2018,2018,2016,15.41935484,2,0,1,1,1,-3.84193920606339,-3.89894064509188,"Invasion"
"188","2018.JH2442","JH17MI0118",0.002490521,"TAYT","11/13/17","MI","22",7.9,11,"hiber_earl","JH2442",NA,2017,2018,2016,11.41935484,2,1,0,0,0,NA,NA,NA,NA,NA,NA,NA,NA,NA,NA,NA,NA,NA,NA,NA,NA,NA,NA,NA,NA,-2.58661288276418,NA,"Invasion"
"189","2018.JH2443","JH17MI0119",0.002272076,"TAYT","11/13/17","MI","22",7.9,11,"hiber_earl","JH2443",NA,2017,2018,2016,11.41935484,2,1,1,1,1,"JH18MI0071",NA,"TAYT","3/13/18","MI","17",6,3,"hiber_late","JH2443",NA,2018,2018,2016,15.41935484,2,0,1,1,1,-2.62487140053043,NA,"Invasion"
"190","2018.JH2444","JH17MI0120",0.000786305,"TAYT","11/13/17","MI","22.1",7.6,11,"hiber_earl","JH2444",NA,2017,2018,2016,11.41935484,2,1,0,0,1,NA,NA,NA,NA,NA,NA,NA,NA,NA,NA,NA,NA,NA,NA,NA,NA,NA,NA,NA,NA,-3.05241680066038,NA,"Invasion"
"191","2018.JH2445","JH17MI0121",0.001865848,"TAYT","11/13/17","MI","22.1",7.6,11,"hiber_earl","JH2445",NA,2017,2018,2016,11.41935484,2,1,1,1,1,"JH18MI0060",NA,"TAYT","3/13/18","MI","5",4.1,3,"hiber_late","JH2445",NA,2018,2018,2016,15.41935484,2,0,1,1,1,-2.70645006499485,NA,"Invasion"
"192","2018.JH2446","KL17WI0585",0.004782025,"BOSS","11/9/17","WI","B",10,11,"hiber_earl","JH2446",NA,2017,2018,2015,11.29032258,3,1,1,1,1,"KL18WI0033",2.56254389,"BOSS","3/4/18","WI","B",5.8,3,"hiber_late","JH2446",NA,2018,2018,2015,15.12903226,3,0,1,1,1,-2.31140000096671,0.408688259967644,"PostInvasion"
"193","2018.JH2447","KL17WI0584",0.039487193,"BOSS","11/9/17","WI","B",10,11,"hiber_earl","JH2447",NA,2017,2018,2015,11.29032258,3,1,0,0,0,NA,NA,NA,NA,NA,NA,NA,NA,NA,NA,NA,NA,NA,NA,NA,NA,NA,NA,NA,NA,-1.40244529157514,NA,"PostInvasion"
"194","2018.JH2448","KL17WI0581",0.113226495,"BOSS","11/9/17","WI","B",8.1,11,"hiber_earl","JH2448",NA,2017,2018,2015,11.29032258,3,1,0,0,1,NA,NA,NA,NA,NA,NA,NA,NA,NA,NA,NA,NA,NA,NA,NA,NA,NA,NA,NA,NA,-0.945668543030644,NA,"PostInvasion"
"195","2018.JH2449","KL17WI0580",0.007751185,"BOSS","11/9/17","WI","B",8.1,11,"hiber_earl","JH2449",NA,2017,2018,2015,11.29032258,3,1,0,0,0,NA,NA,NA,NA,NA,NA,NA,NA,NA,NA,NA,NA,NA,NA,NA,NA,NA,NA,NA,NA,-2.10506478909918,NA,"PostInvasion"
"196","2018.JH2450","KL17WI0578",0.235842932,"BOSS","11/9/17","WI","A",8.4,11,"hiber_earl","JH2450",NA,2017,2018,2015,11.29032258,3,1,1,1,1,"KL18WI0029",2.069549359,"BOSS","3/4/18","WI","B",5.4,3,"hiber_late","JH2450",NA,2018,2018,2015,15.12903226,3,0,1,1,1,-0.627193028023827,0.315896773306918,"PostInvasion"
"197","2018.JH2455","KL17WI0493",0.002582997,"SOUO","11/6/17","WI","A",8.5,11,"hiber_earl","JH2455",NA,2017,2018,2017,11.19354839,1,1,0,0,0,NA,NA,NA,NA,NA,NA,NA,NA,NA,NA,NA,NA,NA,NA,NA,NA,NA,NA,NA,NA,-2.57137981293528,NA,"Invasion"
"198","2018.JH2457","KL17WI0520",0.000604051,"SOUO","11/6/17","WI","B",8.2,11,"hiber_earl","JH2457",NA,2017,2018,2017,11.19354839,1,1,0,0,0,NA,NA,NA,NA,NA,NA,NA,NA,NA,NA,NA,NA,NA,NA,NA,NA,NA,NA,NA,NA,-3.15239588032331,NA,"Invasion"
"199","2018.JH2458","KL17WI0521",7.06e-05,"SOUO","11/6/17","WI","B",8.2,11,"hiber_earl","JH2458",NA,2017,2018,2017,11.19354839,1,1,1,1,1,"KL18WI0145",0.54286944,"SOUO","3/8/18","WI","C",8,3,"hiber_late","JH2458",NA,2018,2018,2017,15.25806452,1,0,1,1,1,-3.7680209731685,-0.265224613160427,"Invasion"
"200","2018.JH2459","KL17WI0522",9.67e-05,"SOUO","11/6/17","WI","B",8.2,11,"hiber_earl","JH2459",NA,2017,2018,2017,11.19354839,1,1,0,0,0,NA,NA,NA,NA,NA,NA,NA,NA,NA,NA,NA,NA,NA,NA,NA,NA,NA,NA,NA,NA,-3.70619564008066,NA,"Invasion"
"201","2018.JH2460","KL17WI0490",0.002458175,"SOUO","11/6/17","WI","A",8.3,11,"hiber_earl","JH2460",NA,2017,2018,2017,11.19354839,1,1,0,0,0,NA,NA,NA,NA,NA,NA,NA,NA,NA,NA,NA,NA,NA,NA,NA,NA,NA,NA,NA,NA,-2.59206974956233,NA,"Invasion"
"202","2018.JH2461","KL17WI0523",9.4e-05,"SOUO","11/6/17","WI","B",8.2,11,"hiber_earl","JH2461",NA,2017,2018,2017,11.19354839,1,1,0,0,0,NA,NA,NA,NA,NA,NA,NA,NA,NA,NA,NA,NA,NA,NA,NA,NA,NA,NA,NA,NA,-3.71219827006977,NA,"Invasion"
"203","2018.JH2462","KL17WI0524",9.26e-05,"SOUO","11/6/17","WI","B",8.2,11,"hiber_earl","JH2462",NA,2017,2018,2017,11.19354839,1,1,0,0,0,NA,NA,NA,NA,NA,NA,NA,NA,NA,NA,NA,NA,NA,NA,NA,NA,NA,NA,NA,NA,-3.71534371721148,NA,"Invasion"
"204","2018.JH2463","KL17WI0525",0.000152269,"SOUO","11/6/17","WI","B",8.2,11,"hiber_earl","JH2463",NA,2017,2018,2017,11.19354839,1,1,0,0,0,NA,NA,NA,NA,NA,NA,NA,NA,NA,NA,NA,NA,NA,NA,NA,NA,NA,NA,NA,NA,-3.59813611435009,NA,"Invasion"
"205","2018.JH2464","KL17WI0526",0.000312858,"SOUO","11/6/17","WI","B",NA,11,"hiber_earl","JH2464",NA,2017,2018,2017,11.19354839,1,1,0,0,0,NA,NA,NA,NA,NA,NA,NA,NA,NA,NA,NA,NA,NA,NA,NA,NA,NA,NA,NA,NA,-3.3841992956092,NA,"Invasion"
"206","2018.JH2465","KL17WI0502",0.00021913,"SOUO","11/6/17","WI","B",8.2,11,"hiber_earl","JH2465",NA,2017,2018,2017,11.19354839,1,1,0,0,0,NA,NA,NA,NA,NA,NA,NA,NA,NA,NA,NA,NA,NA,NA,NA,NA,NA,NA,NA,NA,-3.49603236778378,NA,"Invasion"
"207","2018.JH2467","KL17WI0529",6.45e-06,"SOUO","11/6/17","WI","B",9.2,11,"hiber_earl","JH2467",NA,2017,2018,2017,11.19354839,1,1,0,0,0,NA,NA,NA,NA,NA,NA,NA,NA,NA,NA,NA,NA,NA,NA,NA,NA,NA,NA,NA,NA,-3.97285433422566,NA,"Invasion"
"208","2018.JH2468","KL17WI0528",0.000372013,"SOUO","11/6/17","WI","B",8.6,11,"hiber_earl","JH2468",NA,2017,2018,2017,11.19354839,1,1,0,0,0,NA,NA,NA,NA,NA,NA,NA,NA,NA,NA,NA,NA,NA,NA,NA,NA,NA,NA,NA,NA,-3.32604604003007,NA,"Invasion"
"209","2018.JH2469","KL17WI0527",0.000491724,"SOUO","11/6/17","WI","B",9.2,11,"hiber_earl","JH2469",NA,2017,2018,2017,11.19354839,1,1,0,0,0,NA,NA,NA,NA,NA,NA,NA,NA,NA,NA,NA,NA,NA,NA,NA,NA,NA,NA,NA,NA,-3.22788081562043,NA,"Invasion"
"268","2018.UW0731","JH17MI0105",0.000455337,"TAYT","11/13/17","MI","17",7.5,11,"hiber_earl","UW0731",NA,2017,2018,2016,11.41935484,2,0,1,1,1,"JH18MI0072",0.003967284,"TAYT","3/13/18","MI","17",6,3,"hiber_late","UW0731",NA,2018,2018,2016,15.41935484,2,0,1,1,1,-3.25544339016778,-2.39069550172213,"Invasion"
"270","2018.WDNR0020","KL17WI0406",0.001057381,"ELRL","11/3/17","WI","A",7.3,11,"hiber_earl","WDNR0020",NA,2017,2018,2016,11.09677419,2,0,0,0,0,NA,NA,NA,NA,NA,NA,NA,NA,NA,NA,NA,NA,NA,NA,NA,NA,NA,NA,NA,NA,-2.93652365145483,NA,"Invasion"
"275","2018.WDNR2472","KL17WI0486",7.15e-06,"GEIR","11/5/17","WI",NA,10.2,11,"hiber_earl","WDNR2472",NA,2017,2018,2017,11.16129032,1,1,0,0,0,NA,NA,NA,NA,NA,NA,NA,NA,NA,NA,NA,NA,NA,NA,NA,NA,NA,NA,NA,NA,-3.97000782462215,NA,"Invasion"
"276","2018.WDNR2473","KL17WI0485",2.03e-05,"GEIR","11/5/17","WI",NA,11.2,11,"hiber_earl","WDNR2473",NA,2017,2018,2017,11.16129032,1,1,0,0,0,NA,NA,NA,NA,NA,NA,NA,NA,NA,NA,NA,NA,NA,NA,NA,NA,NA,NA,NA,NA,-3.91973437266016,NA,"Invasion"
"282","2018.WDNR2481","KL17WI0477",7.38e-05,"GEIR","11/5/17","WI",NA,9.8,11,"hiber_earl","WDNR2481",NA,2017,2018,2017,11.16129032,1,1,1,1,1,"KL18WI0106",0.040638033,"GEIR","3/7/18","WI","B",5.9,3,"hiber_late","WDNR2481",NA,2018,2018,2017,15.22580645,1,0,1,1,1,-3.75995022788735,-1.38999994435571,"Invasion"
"283","2018.WDNR2482","KL17WI0476",9.6e-06,"GEIR","11/5/17","WI",NA,10.2,11,"hiber_earl","WDNR2482",NA,2017,2018,2017,11.16129032,1,1,1,1,1,"KL18WI0110",0.009821597,"GEIR","3/7/18","WI","B",5.5,3,"hiber_late","WDNR2482",NA,2018,2018,2017,15.22580645,1,0,1,1,1,-3.96018944585165,-2.00341841731502,"Invasion"
"285","2018.WDNR2484","KL17WI0474",0.000409163,"GEIR","11/5/17","WI",NA,9.8,11,"hiber_earl","WDNR2484",NA,2017,2018,2017,11.16129032,1,1,1,1,1,"KL18WI0109",0.009480096,"GEIR","3/7/18","WI","B",5.3,3,"hiber_late","WDNR2484",NA,2018,2018,2017,15.22580645,1,0,1,1,1,-3.29314316330524,-2.01863013893175,"Invasion"
"286","2018.WDNR2485","KL17WI0473",0.001647305,"GEIR","11/5/17","WI",NA,9.4,11,"hiber_earl","WDNR2485",NA,2017,2018,2017,11.16129032,1,1,0,0,0,NA,NA,NA,NA,NA,NA,NA,NA,NA,NA,NA,NA,NA,NA,NA,NA,NA,NA,NA,NA,-2.75763128033156,NA,"Invasion"
"287","2018.WDNR2486","KL17WI0472",1.34e-05,"GEIR","11/5/17","WI",NA,11,11,"hiber_earl","WDNR2486",NA,2017,2018,2017,11.16129032,1,1,1,1,1,"KL18WI0111",0.07756918,"GEIR","3/7/18","WI","B",5.5,3,"hiber_late","WDNR2486",NA,2018,2018,2017,15.22580645,1,0,1,1,1,-3.94538694544311,-1.10975127992793,"Invasion"
"288","2018.WDNR2487","KL17WI0471",6.1e-06,"GEIR","11/5/17","WI",NA,11.4,11,"hiber_earl","WDNR2487",NA,2017,2018,2017,11.16129032,1,1,1,1,1,"KL18WI0095",0.016365679,"GEIR","3/7/18","WI","A",2,3,"hiber_late","WDNR2487",NA,2018,2018,2017,15.22580645,1,0,1,1,1,-3.97428461609866,-1.78342035545478,"Invasion"
"290","2019.BBB0212","KL18WI0420",0.000173121,"MAR","11/13/18","WI","SEL",10.6,11,"hiber_earl","BBB0212","GGG1310",2018,2019,2016,11.41935484,3,0,0,0,0,NA,NA,NA,NA,NA,NA,NA,NA,NA,NA,NA,NA,NA,NA,NA,NA,NA,NA,NA,NA,-3.56364490610893,NA,"PostInvasion"
"291","2019.BBB0310","KL18WI0415",0.010184114,"MAR","11/13/18","WI","HR",10.2,11,"hiber_earl","BBB0310",NA,2018,2019,2016,11.41935484,3,0,0,0,0,NA,NA,NA,NA,NA,NA,NA,NA,NA,NA,NA,NA,NA,NA,NA,NA,NA,NA,NA,NA,-1.98783311782298,NA,"PostInvasion"
"292","2019.CCC0416","KL18WI0405",0.024079066,"MAR","11/13/18","WI","HR",10.7,11,"hiber_earl","CCC0416","MMM2511",2018,2019,2016,11.41935484,3,0,0,0,0,NA,NA,NA,NA,NA,NA,NA,NA,NA,NA,NA,NA,NA,NA,NA,NA,NA,NA,NA,NA,-1.61656047927675,NA,"PostInvasion"
"293","2019.III1731","JH18MI0143",0.000870854,"GLE","11/11/18","MI","30.5",5.9,11,"hiber_earl","III1731",NA,2018,2019,2015,11.35483871,4,0,1,1,1,"KL19MI0075",0.015579806,"GLE","3/10/19","MI","27.7",3.1,3,"hiber_late","III1731",NA,2019,2019,2015,15.32258065,4,0,1,1,1,-3.01284607571691,-1.80465931497114,"PostInvasion"
"295","2019.JH2205","JH18MI0175",4.46e-06,"BEAE","11/12/18","MI","25.5",8,11,"hiber_earl","JH2205",NA,2018,2019,2015,11.38709677,4,0,0,0,0,NA,NA,NA,NA,NA,NA,NA,NA,NA,NA,NA,NA,NA,NA,NA,NA,NA,NA,NA,NA,-3.98104997849902,NA,"PostInvasion"
"296","2019.JH2206","JH18MI0179",0.000215422,"BEAE","11/12/18","MI","26.4",7.5,11,"hiber_earl","JH2206",NA,2018,2019,2015,11.38709677,4,0,1,1,1,"KL19MI0151",0.029716525,"BEAE","3/11/19","MI","27.6",5,3,"hiber_late","JH2206",NA,2019,2019,2015,15.35483871,4,0,1,1,1,-3.50110801885305,-1.52554297326617,"PostInvasion"
"297","2019.JH2207","JH18MI0187",0.000222373,"BEAE","11/12/18","MI","28.7",7.3,11,"hiber_earl","JH2207",NA,2018,2019,2015,11.38709677,4,0,1,1,1,"KL19MI0154",0.039280414,"BEAE","3/11/19","MI","27.6",5,3,"hiber_late","JH2207",NA,2019,2019,2015,15.35483871,4,0,1,1,1,-3.4916413392058,-1.40471972250541,"PostInvasion"
"298","2019.JH2208","JH18MI0184",5.45e-05,"BEAE","11/12/18","MI","28.7",7.3,11,"hiber_earl","JH2208",NA,2018,2019,2015,11.38709677,4,0,0,0,0,NA,NA,NA,NA,NA,NA,NA,NA,NA,NA,NA,NA,NA,NA,NA,NA,NA,NA,NA,NA,-3.81107151623915,NA,"PostInvasion"
"299","2019.JH2210","JH18MI0178",2.61e-06,"BEAE","11/12/18","MI","26.3",7.8,11,"hiber_earl","JH2210",NA,2018,2019,2015,11.38709677,4,0,0,0,0,NA,NA,NA,NA,NA,NA,NA,NA,NA,NA,NA,NA,NA,NA,NA,NA,NA,NA,NA,NA,-3.98881031239001,NA,"PostInvasion"
"300","2019.JH2211","JH18MI0186",3.13e-05,"BEAE","11/12/18","MI","28.7",7.3,11,"hiber_earl","JH2211",NA,2018,2019,2015,11.38709677,4,0,1,1,1,"KL19MI0138",0.183621621,"BEAE","3/11/19","MI","19",5.1,3,"hiber_late","JH2211",NA,2019,2019,2015,15.35483871,4,0,1,1,1,-3.88173527391052,-0.735839731399937,"PostInvasion"
"301","2019.JH2214","JH18MI0183",0.000255687,"BEAE","11/12/18","MI","28.7",7.3,11,"hiber_earl","JH2214",NA,2018,2019,2015,11.38709677,4,0,0,0,0,NA,NA,NA,NA,NA,NA,NA,NA,NA,NA,NA,NA,NA,NA,NA,NA,NA,NA,NA,NA,-3.44893200754809,NA,"PostInvasion"
"302","2019.JH2215","JH18MI0182",4.83e-05,"BEAE","11/12/18","MI","28.7",7.3,11,"hiber_earl","JH2215",NA,2018,2019,2015,11.38709677,4,0,1,1,1,"KL19MI0169",5.14e-06,"BEAE","3/11/19","MI","48.5",7.1,3,"hiber_late","JH2215",NA,2019,2019,2015,15.35483871,4,0,1,1,1,-3.82885884897162,-3.97823202731759,"PostInvasion"
"305","2019.JH2222","JH18MI0165",0.000194403,"MAS","11/11/18","MI","15.4",5.4,11,"hiber_earl","JH2222",NA,2018,2019,2015,11.35483871,4,0,1,1,1,"KL19MI0217",0.017183337,"MAS","3/11/19","MI","24",3.8,3,"hiber_late","JH2222",NA,2019,2019,2015,15.35483871,4,0,1,1,1,-3.5310577688019,-1.76237240185885,"PostInvasion"
"306","2019.JH2224","JH18MI0167",0.003694666,"MAS","11/11/18","MI","18.2",5.2,11,"hiber_earl","JH2224",NA,2018,2019,2015,11.35483871,4,0,1,1,1,"KL19MI0216",0.009057892,"MAS","3/11/19","MI","24",3.8,3,"hiber_late","JH2224",NA,2019,2019,2015,15.35483871,4,0,1,1,1,-2.42082644394254,-2.0382044824594,"PostInvasion"
"307","2019.JH2226","JH18MI0161",0.003531689,"MAS","11/11/18","MI","12.9",5,11,"hiber_earl","JH2226",NA,2018,2019,2015,11.35483871,4,0,0,0,0,NA,NA,NA,NA,NA,NA,NA,NA,NA,NA,NA,NA,NA,NA,NA,NA,NA,NA,NA,NA,-2.43989134940395,NA,"PostInvasion"
"308","2019.JH2232","JH18MI0137",0.000210683,"GLE","11/11/18","MI","29",5.6,11,"hiber_earl","JH2232",NA,2018,2019,2015,11.35483871,4,0,1,1,1,"KL19MI0068",0.001779035,"GLE","3/10/19","MI","27.6",3.8,3,"hiber_late","JH2232",NA,2019,2019,2015,15.32258065,4,0,1,1,1,-3.5076825098869,-2.72606513040224,"PostInvasion"
"309","2019.JH2233","JH18MI0130",8.56e-06,"GLE","11/11/18","MI","24.7",4.8,11,"hiber_earl","JH2233",NA,2018,2019,2015,11.35483871,4,0,1,1,1,"KL19MI0054",1.06e-05,"GLE","3/10/19","MI","25",2.7,3,"hiber_late","JH2233",NA,2019,2019,2015,15.32258065,4,0,1,1,1,-3.96433016534832,-3.95624487303132,"PostInvasion"
"311","2019.JH2235","JH18MI0135",0.002047257,"GLE","11/11/18","MI","29",5.6,11,"hiber_earl","JH2235",NA,2018,2019,2015,11.35483871,4,0,0,0,0,NA,NA,NA,NA,NA,NA,NA,NA,NA,NA,NA,NA,NA,NA,NA,NA,NA,NA,NA,NA,-2.66811597279608,NA,"PostInvasion"
"312","2019.JH2382","JH18MI0172",3.28e-05,"MAS","11/11/18","MI","23",5.7,11,"hiber_earl","JH2382",NA,2018,2019,2015,11.35483871,4,0,1,1,1,"KL19MI0214",0.013797556,"MAS","3/11/19","MI","24",3.8,3,"hiber_late","JH2382",NA,2019,2019,2015,15.35483871,4,0,1,1,1,-3.876801924968,-1.85706156730257,"PostInvasion"
"313","2019.JH2384","JH18MI0171",0.0001133,"MAS","11/11/18","MI","23",5.6,11,"hiber_earl","JH2384",NA,2018,2019,2015,11.35483871,4,0,1,1,1,"KL19MI0215",0.047024559,"MAS","3/11/19","MI","24",3.8,3,"hiber_late","JH2384",NA,2019,2019,2015,15.35483871,4,0,1,1,1,-3.67100914455057,-1.3267527009721,"PostInvasion"
"314","2019.JH2385","JH18MI0174",0.000199009,"MAS","11/11/18","MI","30.3",6.3,11,"hiber_earl","JH2385",NA,2018,2019,2015,11.35483871,4,0,1,1,1,"KL19MI0222",0.012623283,"MAS","3/11/19","MI","29.7",3.9,3,"hiber_late","JH2385",NA,2019,2019,2015,15.35483871,4,0,1,1,1,-3.52431573946315,-1.89540081283702,"PostInvasion"
"315","2019.JH2389","JH18MI0163",0.000193439,"MAS","11/11/18","MI","15.4",5.4,11,"hiber_earl","JH2389",NA,2018,2019,2015,11.35483871,4,0,1,1,1,"KL19MI0220",0.003900183,"MAS","3/11/19","MI","29.7",3.9,3,"hiber_late","JH2389",NA,2019,2019,2015,15.35483871,4,0,1,1,1,-3.53248216602378,-2.39792014015398,"PostInvasion"
"316","2019.JH2397","JH18MI0164",0.000175924,"MAS","11/11/18","MI","15.4",5.4,11,"hiber_earl","JH2397",NA,2018,2019,2015,11.35483871,4,0,1,1,1,"KL19MI0221",0.006174645,"MAS","3/11/19","MI","29.7",3.9,3,"hiber_late","JH2397",NA,2019,2019,2015,15.35483871,4,0,1,1,1,-3.55921052273846,-2.20241084018993,"PostInvasion"
"318","2019.JH2418","JH18MI0119",5.91e-05,"TAYT","11/11/18","MI","19",8.3,11,"hiber_earl","JH2418",NA,2018,2019,2016,11.35483871,3,0,1,1,1,"KL19MI0011",0.086220204,"TAYT","3/10/19","MI","12.5",5.9,3,"hiber_late","JH2418",NA,2019,2019,2016,15.32258065,3,0,1,1,1,-3.79832982035342,-1.06388754195849,"PostInvasion"
"319","2019.JH2419","JH18MI0108",4.63e-06,"TAYT","11/11/18","MI","19",8.4,11,"hiber_earl","JH2419",NA,2018,2019,2016,11.35483871,3,0,0,0,0,NA,NA,NA,NA,NA,NA,NA,NA,NA,NA,NA,NA,NA,NA,NA,NA,NA,NA,NA,NA,-3.98034377468065,NA,"PostInvasion"
"320","2019.JH2420","JH18MI0122",7.95e-06,"TAYT","11/11/18","MI","19.1",9,11,"hiber_earl","JH2420",NA,2018,2019,2016,11.35483871,3,0,1,1,1,"KL19MI0020",0.051056858,"TAYT","3/10/19","MI","19",7,3,"hiber_late","JH2420",NA,2019,2019,2016,15.32258065,3,0,1,1,1,-3.96677735332975,-1.29109613728107,"PostInvasion"
"321","2019.JH2421","JH18MI0113",2.31e-05,"TAYT","11/11/18","MI","19",8.3,11,"hiber_earl","JH2421",NA,2018,2019,2016,11.35483871,3,0,1,1,1,"KL19MI0017",0.005351868,"TAYT","3/10/19","MI","18.4",6.9,3,"hiber_late","JH2421",NA,2019,2019,2016,15.32258065,3,0,1,1,1,-3.90974194706868,-2.26345466779804,"PostInvasion"
"322","2019.JH2422","JH18MI0123",9.97e-06,"TAYT","11/11/18","MI","20.9",8.5,11,"hiber_earl","JH2422",NA,2018,2019,2016,11.35483871,3,0,1,1,1,"KL19MI0027",0.005155293,"TAYT","3/10/19","MI","19",6.6,3,"hiber_late","JH2422",NA,2019,2019,2016,15.32258065,3,0,1,1,1,-3.95872577494577,-2.27940306560417,"PostInvasion"
"323","2019.JH2423","JH18MI0115",6.15e-05,"TAYT","11/11/18","MI","19",8.3,11,"hiber_earl","JH2423",NA,2018,2019,2016,11.35483871,3,0,1,1,1,"KL19MI0018",0.077837505,"TAYT","3/10/19","MI","18.4",6.9,3,"hiber_late","JH2423",NA,2019,2019,2016,15.32258065,3,0,1,1,1,-3.79182747333288,-1.10825350131567,"PostInvasion"
"324","2019.JH2426","JH18MI0105",4.01e-06,"TAYT","11/11/18","MI","13.4",7.6,11,"hiber_earl","JH2426",NA,2018,2019,2016,11.35483871,3,0,1,1,1,"KL19MI0032",0.04825273,"TAYT","3/10/19","MI","17.5",6.7,3,"hiber_late","JH2426",NA,2019,2019,2016,15.32258065,3,0,1,1,1,-3.98292490362394,-1.31557900057861,"PostInvasion"
"325","2019.JH2428","JH18MI0127",9.75e-06,"TAYT","11/11/18","MI","29.3",8.3,11,"hiber_earl","JH2428",NA,2018,2019,2016,11.35483871,3,0,0,0,0,NA,NA,NA,NA,NA,NA,NA,NA,NA,NA,NA,NA,NA,NA,NA,NA,NA,NA,NA,NA,-3.95959547108584,NA,"PostInvasion"
"326","2019.JH2430","JH18MI0112",6.98e-05,"TAYT","11/11/18","MI","19",8.3,11,"hiber_earl","JH2430",NA,2018,2019,2016,11.35483871,3,0,1,1,1,"KL19MI0026",0.001504067,"TAYT","3/10/19","MI","19",7,3,"hiber_late","JH2430",NA,2019,2019,2016,15.32258065,3,0,1,1,1,-3.77006231409207,-2.79477749570111,"PostInvasion"
"329","2019.JH2440","JH18MI0109",2.44e-05,"TAYT","11/11/18","MI","19",8.4,11,"hiber_earl","JH2440",NA,2018,2019,2016,11.35483871,3,0,0,0,0,NA,NA,NA,NA,NA,NA,NA,NA,NA,NA,NA,NA,NA,NA,NA,NA,NA,NA,NA,NA,-3.9051796196452,NA,"PostInvasion"
"331","2019.JH2443","JH18MI0106",2.2e-06,"TAYT","11/11/18","MI","19",7.9,11,"hiber_earl","JH2443",NA,2018,2019,2016,11.35483871,3,0,1,1,1,"KL19MI0023",0.011903855,"TAYT","3/10/19","MI","19",6.6,3,"hiber_late","JH2443",NA,2019,2019,2016,15.32258065,3,0,1,1,1,-3.99054910420131,-1.9206792592552,"PostInvasion"
"332","2019.JH2444","JH18MI0124",2.25e-06,"TAYT","11/11/18","MI","21.9",8.2,11,"hiber_earl","JH2444",NA,2018,2019,2016,11.35483871,3,0,1,1,1,"KL19MI0035",0.02216391,"TAYT","3/10/19","MI","23.6",7,3,"hiber_late","JH2444",NA,2019,2019,2016,15.32258065,3,0,1,1,1,-3.99033668332062,-1.6523985622697,"PostInvasion"
"333","2019.JH2445","JH18MI0117",3.11e-05,"TAYT","11/11/18","MI","19",8.3,11,"hiber_earl","JH2445",NA,2018,2019,2016,11.35483871,3,0,1,1,1,"KL19MI0004",NA,"TAYT","3/10/19","MI","3.5",4.6,3,"hiber_late","JH2445",NA,2019,2019,2016,15.32258065,3,0,1,1,1,-3.88239730830992,NA,"PostInvasion"
"334","2019.JH2448","KL18WI0335",0.000258892,"BOSS","11/5/18","WI","A",9.3,11,"hiber_earl","JH2448",NA,2018,2019,2015,11.16129032,4,0,0,0,0,NA,NA,NA,NA,NA,NA,NA,NA,NA,NA,NA,NA,NA,NA,NA,NA,NA,NA,NA,NA,-3.44503622234265,NA,"PostInvasion"
"340","2019.JH2530","JH18MI0142",0.003475872,"GLE","11/11/18","MI","30.5",5.9,11,"hiber_earl","JH2530",NA,2018,2019,2015,11.35483871,4,0,1,1,1,"KL19MI0073",0.012090863,"GLE","3/10/19","MI","27.7",3.1,3,"hiber_late","JH2530",NA,2019,2019,2015,15.32258065,4,0,1,1,1,-2.4466180353707,-1.91396554927321,"PostInvasion"
"342","2019.JH2551","KL18WI0407",0.00023352,"MAR","11/13/18","WI","HR",10.2,11,"hiber_earl","JH2551",NA,2018,2019,2016,11.41935484,3,0,0,0,0,NA,NA,NA,NA,NA,NA,NA,NA,NA,NA,NA,NA,NA,NA,NA,NA,NA,NA,NA,NA,-3.47687811788176,NA,"PostInvasion"
"343","2019.JH2554","KL18WI0329",0.001851712,"PUMU","11/5/18","WI","93",10.9,11,"hiber_earl","JH2554",NA,2018,2019,2016,11.16129032,3,1,0,0,0,NA,NA,NA,NA,NA,NA,NA,NA,NA,NA,NA,NA,NA,NA,NA,NA,NA,NA,NA,NA,-2.70958426763176,NA,"PostInvasion"
"344","2019.JH2555","KL18WI0330",0.007097854,"PUMU","11/5/18","WI","94",10.6,11,"hiber_earl","JH2555",NA,2018,2019,2016,11.16129032,3,1,0,0,0,NA,NA,NA,NA,NA,NA,NA,NA,NA,NA,NA,NA,NA,NA,NA,NA,NA,NA,NA,NA,-2.14279696674638,NA,"PostInvasion"
"345","2019.JH2556","KL18WI0334",4.5e-06,"BOSS","11/5/18","WI","A",9.4,11,"hiber_earl","JH2556",NA,2018,2019,2015,11.16129032,4,1,1,1,1,"KL19WI0429",0.47252548,"BOSS","3/3/19","WI","A",4.2,3,"hiber_late","JH2556",NA,2019,2019,2015,15.09677419,4,0,1,1,1,-3.98088370955293,-0.325482868558272,"PostInvasion"
"346","2019.JH2557","KL18WI0336",0.016497598,"BOSS","11/5/18","WI","B",9.5,11,"hiber_earl","JH2557",NA,2018,2019,2015,11.16129032,4,1,0,0,0,NA,NA,NA,NA,NA,NA,NA,NA,NA,NA,NA,NA,NA,NA,NA,NA,NA,NA,NA,NA,-1.77995475839524,NA,"PostInvasion"
"347","2019.JH2558","KL18WI0345",0.00019248,"ELRL","11/6/18","WI","A",8.9,11,"hiber_earl","JH2558",NA,2018,2019,2016,11.19354839,3,1,0,0,0,NA,NA,NA,NA,NA,NA,NA,NA,NA,NA,NA,NA,NA,NA,NA,NA,NA,NA,NA,NA,-3.53390382594626,NA,"PostInvasion"
"348","2019.JH2559","KL18WI0346",4.43e-05,"ELRL","11/6/18","WI","A",9.3,11,"hiber_earl","JH2559",NA,2018,2019,2016,11.19354839,3,1,0,0,0,NA,NA,NA,NA,NA,NA,NA,NA,NA,NA,NA,NA,NA,NA,NA,NA,NA,NA,NA,NA,-3.84073366890651,NA,"PostInvasion"
"349","2019.JH2560","KL18WI0351",0.000247563,"ELRL","11/6/18","WI","B",9.7,11,"hiber_earl","JH2560",NA,2018,2019,2016,11.19354839,3,1,1,1,1,"KL19WI0562",0.017484958,"ELRL","3/5/19","WI","A",7,3,"hiber_late","JH2560",NA,2019,2019,2016,15.16129032,3,0,1,1,1,-3.4589664628077,-1.75485866461687,"PostInvasion"
"350","2019.JH2561","KL18WI0352",1.32e-05,"ELRL","11/6/18","WI","B",9.4,11,"hiber_earl","JH2561",NA,2018,2019,2016,11.19354839,3,1,0,0,0,NA,NA,NA,NA,NA,NA,NA,NA,NA,NA,NA,NA,NA,NA,NA,NA,NA,NA,NA,NA,-3.94615357314775,NA,"PostInvasion"
"351","2019.JH2562","KL18WI0353",0.000145709,"ELRL","11/6/18","WI","B",9.1,11,"hiber_earl","JH2562",NA,2018,2019,2016,11.19354839,3,1,1,1,1,"KL19WI0569",0.155515119,"ELRL","3/5/19","WI","B",7.7,3,"hiber_late","JH2562",NA,2019,2019,2016,15.16129032,3,0,1,1,1,-3.60957893558849,-0.807948210821314,"PostInvasion"
"352","2019.JH2563","KL18WI0355",0.00012706,"ELRL","11/6/18","WI","B",9.7,11,"hiber_earl","JH2563",NA,2018,2019,2016,11.19354839,3,1,0,0,0,NA,NA,NA,NA,NA,NA,NA,NA,NA,NA,NA,NA,NA,NA,NA,NA,NA,NA,NA,NA,-3.64385936648187,NA,"PostInvasion"
"353","2019.JH2564","KL18WI0356",0.0307374,"ELRL","11/6/18","WI","B",9.7,11,"hiber_earl","JH2564",NA,2018,2019,2016,11.19354839,3,1,0,0,0,NA,NA,NA,NA,NA,NA,NA,NA,NA,NA,NA,NA,NA,NA,NA,NA,NA,NA,NA,NA,-1.51092224583682,NA,"PostInvasion"
"354","2019.JH2565","KL18WI0358",5.36e-06,"ELRL","11/6/18","WI","B",9.6,11,"hiber_earl","JH2565",NA,2018,2019,2016,11.19354839,3,1,0,0,0,NA,NA,NA,NA,NA,NA,NA,NA,NA,NA,NA,NA,NA,NA,NA,NA,NA,NA,NA,NA,-3.97732423804627,NA,"PostInvasion"
"355","2019.JH2567","KL18WI0360",7.25e-06,"ELRL","11/6/18","WI","B",9.8,11,"hiber_earl","JH2567",NA,2018,2019,2016,11.19354839,3,1,0,0,0,NA,NA,NA,NA,NA,NA,NA,NA,NA,NA,NA,NA,NA,NA,NA,NA,NA,NA,NA,NA,-3.96960269914324,NA,"PostInvasion"
"356","2019.JH2568","KL18WI0362",6.37e-06,"ELRL","11/6/18","WI","B",9.7,11,"hiber_earl","JH2568",NA,2018,2019,2016,11.19354839,3,1,1,1,1,"KL19WI0577",0.469871076,"ELRL","3/5/19","WI","C",8.5,3,"hiber_late","JH2568",NA,2019,2019,2016,15.16129032,3,0,1,1,1,-3.97318084075877,-0.327928869553924,"PostInvasion"
"357","2019.JH2569","KL18WI0363",0.000100077,"ELRL","11/6/18","WI","B",9.7,11,"hiber_earl","JH2569",NA,2018,2019,2016,11.19354839,3,1,0,0,0,NA,NA,NA,NA,NA,NA,NA,NA,NA,NA,NA,NA,NA,NA,NA,NA,NA,NA,NA,NA,-3.69880283313888,NA,"PostInvasion"
"358","2019.JH2571","KL18WI0365",4.83e-06,"ELRL","11/6/18","WI","B",9.8,11,"hiber_earl","JH2571",NA,2018,2019,2016,11.19354839,3,1,0,0,0,NA,NA,NA,NA,NA,NA,NA,NA,NA,NA,NA,NA,NA,NA,NA,NA,NA,NA,NA,NA,-3.97951441420345,NA,"PostInvasion"
"359","2019.JH2572","KL18WI0366",4.89e-06,"ELRL","11/6/18","WI","B",9.6,11,"hiber_earl","JH2572",NA,2018,2019,2016,11.19354839,3,1,0,0,0,NA,NA,NA,NA,NA,NA,NA,NA,NA,NA,NA,NA,NA,NA,NA,NA,NA,NA,NA,NA,-3.97926591458848,NA,"PostInvasion"
"360","2019.JH2573","KL18WI0367",1.43e-05,"ELRL","11/6/18","WI","B",9.6,11,"hiber_earl","JH2573",NA,2018,2019,2016,11.19354839,3,1,0,0,0,NA,NA,NA,NA,NA,NA,NA,NA,NA,NA,NA,NA,NA,NA,NA,NA,NA,NA,NA,NA,-3.94195376960472,NA,"PostInvasion"
"361","2019.JH2574","KL18WI0370",0.00043387,"ELRL","11/6/18","WI","C",9.3,11,"hiber_earl","JH2574",NA,2018,2019,2016,11.19354839,3,1,1,1,1,"KL19WI0581",0.249206924,"ELRL","3/5/19","WI","C",8.9,3,"hiber_late","JH2574",NA,2019,2019,2016,15.16129032,3,0,1,1,1,-3.272564482964,-0.603265659670174,"PostInvasion"
"363","2019.JH2577","JH18MI0107",2.41e-05,"TAYT","11/11/18","MI","19",7.9,11,"hiber_earl","JH2577",NA,2018,2019,2016,11.35483871,3,1,1,1,1,"KL19MI0030",0.004934286,"TAYT","3/10/19","MI","25",7.5,3,"hiber_late","JH2577",NA,2019,2019,2016,15.32258065,3,0,1,1,1,-3.90622821850127,-2.29806211562643,"PostInvasion"
"365","2019.JH2579","JH18MI0111",8.29e-05,"TAYT","11/11/18","MI","19",8.3,11,"hiber_earl","JH2579",NA,2018,2019,2016,11.35483871,3,1,1,1,1,"KL19MI0008",0.27905677,"TAYT","3/10/19","MI","3.5",4.6,3,"hiber_late","JH2579",NA,2019,2019,2016,15.32258065,3,0,1,1,1,-3.73778629452358,-0.554151835347171,"PostInvasion"
"366","2019.JH2580","JH18MI0114",1.14e-05,"TAYT","11/11/18","MI","19",8.3,11,"hiber_earl","JH2580",NA,2018,2019,2016,11.35483871,3,1,1,1,1,"KL19MI0001",0.031228114,"TAYT","3/10/19","MI","3",4.3,3,"hiber_late","JH2580",NA,2019,2019,2016,15.32258065,3,0,1,1,1,-3.95311480916229,-1.50406574951814,"PostInvasion"
"367","2019.JH2581","JH18MI0118",6.62e-05,"TAYT","11/11/18","MI","19",8.3,11,"hiber_earl","JH2581",NA,2018,2019,2016,11.35483871,3,1,0,0,0,NA,NA,NA,NA,NA,NA,NA,NA,NA,NA,NA,NA,NA,NA,NA,NA,NA,NA,NA,NA,-3.77936898055191,NA,"PostInvasion"
"368","2019.JH2582","JH18MI0125",3.8e-05,"TAYT","11/11/18","MI","29.3",8.3,11,"hiber_earl","JH2582",NA,2018,2019,2016,11.35483871,3,1,0,0,0,NA,NA,NA,NA,NA,NA,NA,NA,NA,NA,NA,NA,NA,NA,NA,NA,NA,NA,NA,NA,-3.86012091359876,NA,"PostInvasion"
"369","2019.JH2583","JH18MI0126",0.000193861,"TAYT","11/11/18","MI","29.3",8.3,11,"hiber_earl","JH2583",NA,2018,2019,2016,11.35483871,3,1,0,0,0,NA,NA,NA,NA,NA,NA,NA,NA,NA,NA,NA,NA,NA,NA,NA,NA,NA,NA,NA,NA,-3.531858047846,NA,"PostInvasion"
"370","2019.JH2584","JH18MI0131",0.000417573,"GLE","11/11/18","MI","27.2",5.2,11,"hiber_earl","JH2584",NA,2018,2019,2015,11.35483871,4,1,1,1,1,"KL19MI0090",0.013625378,"GLE","3/10/19","MI","31.4",3.6,3,"hiber_late","JH2584",NA,2019,2019,2015,15.32258065,4,0,1,1,1,-3.28602838739511,-1.86247568614537,"PostInvasion"
"371","2019.JH2585","JH18MI0132",0.000170095,"GLE","11/11/18","MI","29",5.6,11,"hiber_earl","JH2585",NA,2018,2019,2015,11.35483871,4,1,1,1,1,"KL19MI0072",0.000459149,"GLE","3/10/19","MI","27.7",3.1,3,"hiber_late","JH2585",NA,2019,2019,2015,15.32258065,4,0,1,1,1,-3.56848345539977,-3.25247244747098,"PostInvasion"
"372","2019.JH2586","JH18MI0133",0.007469392,"GLE","11/11/18","MI","29",5.6,11,"hiber_earl","JH2586",NA,2018,2019,2015,11.35483871,4,1,0,0,0,NA,NA,NA,NA,NA,NA,NA,NA,NA,NA,NA,NA,NA,NA,NA,NA,NA,NA,NA,NA,-2.12093900314847,NA,"PostInvasion"
"373","2019.JH2587","JH18MI0134",0.001997134,"GLE","11/11/18","MI","29",5.6,11,"hiber_earl","JH2587",NA,2018,2019,2015,11.35483871,4,1,0,0,0,NA,NA,NA,NA,NA,NA,NA,NA,NA,NA,NA,NA,NA,NA,NA,NA,NA,NA,NA,NA,-2.67837381865183,NA,"PostInvasion"
"374","2019.JH2588","JH18MI0136",0.00055706,"GLE","11/11/18","MI","29",5.6,11,"hiber_earl","JH2588",NA,2018,2019,2015,11.35483871,4,1,1,1,1,"KL19MI0086",0.00198019,"GLE","3/10/19","MI","31.4",3.6,3,"hiber_late","JH2588",NA,2019,2019,2015,15.32258065,4,0,1,1,1,-3.18239497065462,-2.68189699571847,"PostInvasion"
"375","2019.JH2589","JH18MI0138",1.98e-05,"GLE","11/11/18","MI","29.1",5.6,11,"hiber_earl","JH2589",NA,2018,2019,2015,11.35483871,4,1,1,1,1,"KL19MI0057",0.016341887,"GLE","3/10/19","MI","25.9",2.7,3,"hiber_late","JH2589",NA,2019,2019,2015,15.32258065,4,0,1,1,1,-3.92154318194671,-1.78404834089216,"PostInvasion"
"376","2019.JH2590","JH18MI0139",7.91e-05,"GLE","11/11/18","MI","29.1",5.6,11,"hiber_earl","JH2590",NA,2018,2019,2015,11.35483871,4,1,1,1,1,"KL19MI0064",0.006799267,"GLE","3/10/19","MI","27.2",3.8,3,"hiber_late","JH2590",NA,2019,2019,2015,15.32258065,4,0,1,1,1,-3.74690441415097,-2.16119704763452,"PostInvasion"
"377","2019.JH2591","JH18MI0140",0.00044352,"GLE","11/11/18","MI","29.1",5.6,11,"hiber_earl","JH2591",NA,2018,2019,2015,11.35483871,4,1,1,1,1,"KL19MI0083",0.040002577,"GLE","3/10/19","MI","31.4",3.6,3,"hiber_late","JH2591",NA,2019,2019,2015,15.32258065,4,0,1,1,1,-3.26478447047405,-1.3968277186287,"PostInvasion"
"378","2019.JH2592","JH18MI0141",0.004821303,"GLE","11/11/18","MI","30.5",5.9,11,"hiber_earl","JH2592",NA,2018,2019,2015,11.35483871,4,1,0,0,0,NA,NA,NA,NA,NA,NA,NA,NA,NA,NA,NA,NA,NA,NA,NA,NA,NA,NA,NA,NA,-2.30791989503969,NA,"PostInvasion"
"379","2019.JH2593","JH18MI0144",1.56e-05,"GLE","11/11/18","MI","43",5.9,11,"hiber_earl","JH2593",NA,2018,2019,2015,11.35483871,4,1,1,1,1,"KL19MI0048",0.003890743,"GLE","3/10/19","MI","19.5",2.8,3,"hiber_late","JH2593",NA,2019,2019,2015,15.32258065,4,0,1,1,1,-3.93704216591549,-2.3989462394612,"PostInvasion"
"380","2019.JH2594","JH18MI0145",0.00057546,"GLE","11/11/18","MI","43",5.9,11,"hiber_earl","JH2594",NA,2018,2019,2015,11.35483871,4,1,1,1,1,"KL19MI0076",0.005402765,"GLE","3/10/19","MI","27.7",3.1,3,"hiber_late","JH2594",NA,2019,2019,2015,15.32258065,4,0,1,1,1,-3.17040036432313,-2.25941903368757,"PostInvasion"
"381","2019.JH2595","JH18MI0147",0.001738468,"GLE","11/11/18","MI","43",6.4,11,"hiber_earl","JH2595",NA,2018,2019,2015,11.35483871,4,1,0,0,0,NA,NA,NA,NA,NA,NA,NA,NA,NA,NA,NA,NA,NA,NA,NA,NA,NA,NA,NA,NA,-2.73554392497073,NA,"PostInvasion"
"382","2019.JH2596","JH18MI0162",0.000247941,"MAS","11/11/18","MI","12.9",5,11,"hiber_earl","JH2596",NA,2018,2019,2015,11.35483871,4,1,1,1,1,"KL19MI0224",0.00599856,"MAS","3/11/19","MI","29.7",3.9,3,"hiber_late","JH2596",NA,2019,2019,2015,15.35483871,4,0,1,1,1,-3.45849439268208,-2.21477269906815,"PostInvasion"
"383","2019.JH2597","JH18MI0166",0.003751928,"MAS","11/11/18","MI","18.2",5.2,11,"hiber_earl","JH2597",NA,2018,2019,2015,11.35483871,4,1,1,1,1,"KL19MI0223",0.014339627,"MAS","3/11/19","MI","29.7",3.9,3,"hiber_late","JH2597",NA,2019,2019,2015,15.35483871,4,0,1,1,1,-2.41432183927724,-1.84044402518286,"PostInvasion"
"384","2019.JH2598","JH18MI0168",0.01001293,"MAS","11/11/18","MI","18.2",5.2,11,"hiber_earl","JH2598",NA,2018,2019,2015,11.35483871,4,1,1,1,1,"KL19MI0196",0.008431983,"MAS","3/11/19","MI","11.9",2.7,3,"hiber_late","JH2598",NA,2019,2019,2015,15.35483871,4,0,1,1,1,-1.9951229988623,-2.06895001855472,"PostInvasion"
"385","2019.JH2599","JH18MI0170",5.73e-05,"MAS","11/11/18","MI","23",5.6,11,"hiber_earl","JH2599",NA,2018,2019,2015,11.35483871,4,1,0,0,0,NA,NA,NA,NA,NA,NA,NA,NA,NA,NA,NA,NA,NA,NA,NA,NA,NA,NA,NA,NA,-3.80327127737671,NA,"PostInvasion"
"386","2019.JH2600","JH18MI0177",8.28e-06,"BEAE","11/12/18","MI","25.5",8,11,"hiber_earl","JH2600",NA,2018,2019,2015,11.38709677,4,1,0,0,0,NA,NA,NA,NA,NA,NA,NA,NA,NA,NA,NA,NA,NA,NA,NA,NA,NA,NA,NA,NA,-3.96545175290153,NA,"PostInvasion"
"387","2019.JH2606","JH18MI0148",9.21e-05,"GLE","11/11/18","MI","43",6.4,11,"hiber_earl","JH2606",NA,2018,2019,2015,11.35483871,4,1,1,1,1,"KL19MI0074",6.24e-06,"GLE","3/10/19","MI","27.7",3.1,3,"hiber_late","JH2606",NA,2019,2019,2015,15.32258065,4,0,1,1,1,-3.71647263513831,-3.97371193797606,"PostInvasion"
"388","2019.JH2607","JH18MI0146",7.43e-05,"GLE","11/11/18","MI","43",6.4,11,"hiber_earl","JH2607",NA,2018,2019,2015,11.35483871,4,1,1,1,1,"KL19MI0101",0.006350952,"GLE","3/10/19","MI","37.5",3.9,3,"hiber_late","JH2607",NA,2019,2019,2015,15.32258065,4,0,1,1,1,-3.75870261289001,-2.19037618957591,"PostInvasion"
"393","2019.JH2626","JH18MI0181",2.26e-06,"BEAE","11/12/18","MI","28.7",7.3,11,"hiber_earl","JH2626",NA,2018,2019,2015,11.38709677,4,0,1,1,1,"KL19MI0126",0.058626382,"BEAE","3/11/19","MI","12.5",4.4,3,"hiber_late","JH2626",NA,2019,2019,2015,15.35483871,4,0,1,1,1,-3.99029421160948,-1.23116675423683,"PostInvasion"
"394","2019.JH2627","JH18MI0185",2.91e-05,"BEAE","11/12/18","MI","28.7",7.3,11,"hiber_earl","JH2627",NA,2018,2019,2015,11.38709677,4,0,1,1,1,"KL19MI0161",0.029118856,"BEAE","3/11/19","MI","33",5.9,3,"hiber_late","JH2627",NA,2019,2019,2015,15.35483871,4,0,1,1,1,-3.88907375773358,-1.53433679191347,"PostInvasion"
"399","2019.JH2640","KL18WI0402",0.00020531,"LED","11/13/18","WI","DS",9.6,11,"hiber_earl","JH2640",NA,2018,2019,2017,11.41935484,2,0,0,0,0,NA,NA,NA,NA,NA,NA,NA,NA,NA,NA,NA,NA,NA,NA,NA,NA,NA,NA,NA,NA,-3.51525897076293,NA,"Invasion"
"400","2019.JH2642","KL18WI0419",0.004000365,"MAR","11/13/18","WI","SEL",10.1,11,"hiber_earl","JH2642",NA,2018,2019,2016,11.41935484,3,0,0,0,0,NA,NA,NA,NA,NA,NA,NA,NA,NA,NA,NA,NA,NA,NA,NA,NA,NA,NA,NA,NA,-2.38717748219969,NA,"PostInvasion"
"401","2019.JH2643","KL18WI0416",0.040376187,"MAR","11/13/18","WI","HR",10.2,11,"hiber_earl","JH2643",NA,2018,2019,2016,11.41935484,3,0,0,0,0,NA,NA,NA,NA,NA,NA,NA,NA,NA,NA,NA,NA,NA,NA,NA,NA,NA,NA,NA,NA,-1.39280040631786,NA,"PostInvasion"
"402","2019.JH2644","KL18WI0412",0.000355983,"MAR","11/13/18","WI","HR",10.2,11,"hiber_earl","JH2644",NA,2018,2019,2016,11.41935484,3,0,0,0,0,NA,NA,NA,NA,NA,NA,NA,NA,NA,NA,NA,NA,NA,NA,NA,NA,NA,NA,NA,NA,-3.34105134844043,NA,"PostInvasion"
"403","2019.JH2645","KL18WI0418",0.001093976,"MAR","11/13/18","WI","WL",10.1,11,"hiber_earl","JH2645",NA,2018,2019,2016,11.41935484,3,0,0,0,0,NA,NA,NA,NA,NA,NA,NA,NA,NA,NA,NA,NA,NA,NA,NA,NA,NA,NA,NA,NA,-2.92300440283171,NA,"PostInvasion"
"404","2019.JH2649","KL18WI0411",0.000690504,"MAR","11/13/18","WI","HR",10.2,11,"hiber_earl","JH2649",NA,2018,2019,2016,11.41935484,3,0,0,0,0,NA,NA,NA,NA,NA,NA,NA,NA,NA,NA,NA,NA,NA,NA,NA,NA,NA,NA,NA,NA,-3.1020959281688,NA,"PostInvasion"
"405","2019.JH2651","JH18MI0176",3.46e-05,"BEAE","11/12/18","MI","25.5",8,11,"hiber_earl","JH2651",NA,2018,2019,2015,11.38709677,4,1,0,0,0,NA,NA,NA,NA,NA,NA,NA,NA,NA,NA,NA,NA,NA,NA,NA,NA,NA,NA,NA,NA,-3.87095494011204,NA,"PostInvasion"
"406","2019.JH2652","KL18WI0426",0.015026686,"MAR","11/13/18","WI","WL",10.1,11,"hiber_earl","JH2652",NA,2018,2019,2016,11.41935484,3,1,0,0,0,NA,NA,NA,NA,NA,NA,NA,NA,NA,NA,NA,NA,NA,NA,NA,NA,NA,NA,NA,NA,-1.82025620810103,NA,"PostInvasion"
"407","2019.JH2653","KL18WI0427",0.001338075,"MAR","11/13/18","WI","WL",10.1,11,"hiber_earl","JH2653",NA,2018,2019,2016,11.41935484,3,1,0,0,0,NA,NA,NA,NA,NA,NA,NA,NA,NA,NA,NA,NA,NA,NA,NA,NA,NA,NA,NA,NA,-2.84221846357987,NA,"PostInvasion"
"408","2019.JH2654","KL18WI0428",0.822627225,"MAR","11/13/18","WI","WL",10.9,11,"hiber_earl","JH2654",NA,2018,2019,2016,11.41935484,3,1,0,0,0,NA,NA,NA,NA,NA,NA,NA,NA,NA,NA,NA,NA,NA,NA,NA,NA,NA,NA,NA,NA,-0.0847441311469013,NA,"PostInvasion"
"409","2019.JH2655","KL18WI0431",0.000614543,"HORR","11/14/18","WI","B",10.6,11,"hiber_earl","JH2655",NA,2018,2019,2015,11.4516129,4,1,0,0,0,NA,NA,NA,NA,NA,NA,NA,NA,NA,NA,NA,NA,NA,NA,NA,NA,NA,NA,NA,NA,-3.14597163097265,NA,"PostInvasion"
"410","2019.JH2656","KL18WI0433",7.21e-05,"HORR","11/14/18","WI","C",8.9,11,"hiber_earl","JH2656",NA,2018,2019,2015,11.4516129,4,1,1,1,1,"KL19WI0947",0.106784574,"HORR","3/13/19","WI","B",4.8,3,"hiber_late","JH2656",NA,2019,2019,2015,15.41935484,4,0,1,1,1,-3.76421912967244,-0.971084969347801,"PostInvasion"
"411","2019.JH2657","KL18WI0455",0.00158365,"SOUO","11/17/18","WI","A",6.6,11,"hiber_earl","JH2657",NA,2018,2019,2017,11.5483871,2,1,0,0,0,NA,NA,NA,NA,NA,NA,NA,NA,NA,NA,NA,NA,NA,NA,NA,NA,NA,NA,NA,NA,-2.77374818532265,NA,"Invasion"
"412","2019.JH2658","KL18WI0456",0.000160443,"SOUO","11/17/18","WI","A",6.6,11,"hiber_earl","JH2658",NA,2018,2019,2017,11.5483871,2,1,0,0,0,NA,NA,NA,NA,NA,NA,NA,NA,NA,NA,NA,NA,NA,NA,NA,NA,NA,NA,NA,NA,-3.58428731072976,NA,"Invasion"
"413","2019.JH2659","KL18WI0457",0.000326297,"SOUO","11/17/18","WI","B",6.6,11,"hiber_earl","JH2659",NA,2018,2019,2017,11.5483871,2,1,0,0,0,NA,NA,NA,NA,NA,NA,NA,NA,NA,NA,NA,NA,NA,NA,NA,NA,NA,NA,NA,NA,-3.37028772362317,NA,"Invasion"
"414","2019.JH2660","KL18WI0458",0.000543038,"SOUO","11/17/18","WI","B",6.6,11,"hiber_earl","JH2660",NA,2018,2019,2017,11.5483871,2,1,0,0,0,NA,NA,NA,NA,NA,NA,NA,NA,NA,NA,NA,NA,NA,NA,NA,NA,NA,NA,NA,NA,-3.19176336190831,NA,"Invasion"
"415","2019.JH2661","KL18WI0459",0.000665502,"SOUO","11/17/18","WI","B",6.6,11,"hiber_earl","JH2661",NA,2018,2019,2017,11.5483871,2,1,0,0,0,NA,NA,NA,NA,NA,NA,NA,NA,NA,NA,NA,NA,NA,NA,NA,NA,NA,NA,NA,NA,-3.11605367029841,NA,"Invasion"
"416","2019.JH2662","KL18WI0460",0.002166895,"SOUO","11/17/18","WI","B",6.6,11,"hiber_earl","JH2662",NA,2018,2019,2017,11.5483871,2,1,0,0,0,NA,NA,NA,NA,NA,NA,NA,NA,NA,NA,NA,NA,NA,NA,NA,NA,NA,NA,NA,NA,-2.64456859543443,NA,"Invasion"
"417","2019.JH2663","KL18WI0461",1.04e-05,"SOUO","11/17/18","WI","B",7.2,11,"hiber_earl","JH2663",NA,2018,2019,2017,11.5483871,2,1,1,1,1,"KL19WI0736",0.023144096,"SOUO","3/7/19","WI","B",6,3,"hiber_late","JH2663",NA,2019,2019,2017,15.22580645,2,0,1,1,1,-3.95703092660682,-1.63368733955816,"Invasion"
"418","2019.JH2664","KL18WI0462",0.033948608,"SOUO","11/17/18","WI","B",7.5,11,"hiber_earl","JH2664",NA,2018,2019,2017,11.5483871,2,1,1,1,1,"KL19WI0727",0.675180168,"SOUO","3/7/19","WI","A",2.9,3,"hiber_late","JH2664",NA,2019,2019,2017,15.22580645,2,0,1,1,1,-1.4679006385317,-0.170516004692136,"Invasion"
"436","2019.OOO2911","KL18WI0413",0.002699074,"MAR","11/13/18","WI","HR",10.2,11,"hiber_earl","OOO2911",NA,2018,2019,2016,11.41935484,3,1,0,0,0,NA,NA,NA,NA,NA,NA,NA,NA,NA,NA,NA,NA,NA,NA,NA,NA,NA,NA,NA,NA,-2.55298561980221,NA,"PostInvasion"
"437","2019.UW0731","JH18MI0120",0.000422956,"TAYT","11/11/18","MI","19.1",9,11,"hiber_earl","UW0731",NA,2018,2019,2016,11.35483871,3,0,1,1,1,"KL19MI0022",0.089063441,"TAYT","3/10/19","MI","19",6.6,3,"hiber_late","UW0731",NA,2019,2019,2016,15.32258065,3,0,1,1,1,-3.28153484987282,-1.04981317955389,"PostInvasion"
"440","2019.WDNR2939","KL18WI0404",0.000527129,"MAR","11/13/18","WI","HR",10.5,11,"hiber_earl","WDNR2939",NA,2018,2019,2016,11.41935484,3,1,0,0,0,NA,NA,NA,NA,NA,NA,NA,NA,NA,NA,NA,NA,NA,NA,NA,NA,NA,NA,NA,NA,-3.20264311590657,NA,"PostInvasion"
"441","2019.WDNR2940","KL18WI0406",0.000469144,"MAR","11/13/18","WI","HR",10.5,11,"hiber_earl","WDNR2940",NA,2018,2019,2016,11.41935484,3,1,0,0,0,NA,NA,NA,NA,NA,NA,NA,NA,NA,NA,NA,NA,NA,NA,NA,NA,NA,NA,NA,NA,-3.2447778381862,NA,"PostInvasion"
"442","2019.WDNR2941","KL18WI0408",3.17e-05,"MAR","11/13/18","WI","HR",10.2,11,"hiber_earl","WDNR2941",NA,2018,2019,2016,11.41935484,3,1,0,0,0,NA,NA,NA,NA,NA,NA,NA,NA,NA,NA,NA,NA,NA,NA,NA,NA,NA,NA,NA,NA,-3.88041422503822,NA,"PostInvasion"
"443","2019.WDNR2942","KL18WI0409",0.002347086,"MAR","11/13/18","WI","HR",10.2,11,"hiber_earl","WDNR2942",NA,2018,2019,2016,11.41935484,3,1,0,0,0,NA,NA,NA,NA,NA,NA,NA,NA,NA,NA,NA,NA,NA,NA,NA,NA,NA,NA,NA,NA,-2.61135076760402,NA,"PostInvasion"
"444","2019.WDNR2943","KL18WI0410",0.00019616,"MAR","11/13/18","WI","HR",10.2,11,"hiber_earl","WDNR2943",NA,2018,2019,2016,11.41935484,3,1,0,0,0,NA,NA,NA,NA,NA,NA,NA,NA,NA,NA,NA,NA,NA,NA,NA,NA,NA,NA,NA,NA,-3.52847359859117,NA,"PostInvasion"
"445","2019.WDNR2944","KL18WI0414",0.000956491,"MAR","11/13/18","WI","HR",10.2,11,"hiber_earl","WDNR2944",NA,2018,2019,2016,11.41935484,3,1,0,0,0,NA,NA,NA,NA,NA,NA,NA,NA,NA,NA,NA,NA,NA,NA,NA,NA,NA,NA,NA,NA,-2.97613419824914,NA,"PostInvasion"
"446","2019.WDNR2945","KL18WI0421",0.002273265,"MAR","11/13/18","WI","SEL",10.4,11,"hiber_earl","WDNR2945",NA,2018,2019,2016,11.41935484,3,1,1,1,1,"KL19WI0883",0.023378337,"MAR","3/12/19","WI","SEL",6.5,3,"hiber_late","WDNR2945",NA,2019,2019,2016,15.38709677,3,0,1,1,1,-2.6246537655281,-1.62933266795684,"PostInvasion"
"447","2019.WDNR2946","KL18WI0422",0.024915253,"MAR","11/13/18","WI","SEL",10.7,11,"hiber_earl","WDNR2946",NA,2018,2019,2016,11.41935484,3,1,0,0,0,NA,NA,NA,NA,NA,NA,NA,NA,NA,NA,NA,NA,NA,NA,NA,NA,NA,NA,NA,NA,-1.60179510037808,NA,"PostInvasion"
"448","2019.WDNR2947","KL18WI0423",0.00041072,"MAR","11/13/18","WI","SEL",10.7,11,"hiber_earl","WDNR2947",NA,2018,2019,2016,11.41935484,3,1,0,0,0,NA,NA,NA,NA,NA,NA,NA,NA,NA,NA,NA,NA,NA,NA,NA,NA,NA,NA,NA,NA,-3.29181713466538,NA,"PostInvasion"
"449","2019.WDNR2948","KL18WI0424",0.027537197,"MAR","11/13/18","WI","HR",10.2,11,"hiber_earl","WDNR2948",NA,2018,2019,2016,11.41935484,3,1,0,0,0,NA,NA,NA,NA,NA,NA,NA,NA,NA,NA,NA,NA,NA,NA,NA,NA,NA,NA,NA,NA,-1.55850600576825,NA,"PostInvasion"
"450","2019.WDNR2949","KL18WI0425",0.028387975,"MAR","11/13/18","WI","HR",10.2,11,"hiber_earl","WDNR2949",NA,2018,2019,2016,11.41935484,3,1,0,0,0,NA,NA,NA,NA,NA,NA,NA,NA,NA,NA,NA,NA,NA,NA,NA,NA,NA,NA,NA,NA,-1.54533842045451,NA,"PostInvasion"
